Un_ID,Timepoint,Block_plot,Herbivory_trt,Coral_Id,Coral_Genus,Enrichment_trt,Size,Recruitment,Alive,Recruitment_timepoint
A3_1X1_P01,T3,A3,1X1,P01,Pocillopora,Enriched,2.094,1,1,T3
A3_1X1_P01,T6,A3,1X1,P01,Pocillopora,Enriched,4.901,0,1,T3
A3_1X1_P01,T9,A3,1X1,P01,Pocillopora,Enriched,6.7,0,1,T3
A3_1X1_P10,T6,A3,1X1,P10,Pocillopora,Enriched,5.442,1,1,T6
A3_1X1_P10,T9,A3,1X1,P10,Pocillopora,Enriched,7.82,0,1,T6
A3_1X1_P02,T3,A3,1X1,P02,Pocillopora,Enriched,4.159,1,1,T3
A3_1X1_P02,T6,A3,1X1,P02,Pocillopora,Enriched,6.381,0,1,T3
A3_1X1_P02,T9,A3,1X1,P02,Pocillopora,Enriched,9.831,0,1,T3
A3_1X1_P03,T3,A3,1X1,P03,Pocillopora,Enriched,3.165,1,1,T3
A3_1X1_P03,T6,A3,1X1,P03,Pocillopora,Enriched,5.198,0,1,T3
A3_1X1_P03,T9,A3,1X1,P03,Pocillopora,Enriched,8.542,0,1,T3
A3_1X1_P05,T3,A3,1X1,P05,Pocillopora,Enriched,4.066,1,1,T3
A3_1X1_P05,T6,A3,1X1,P05,Pocillopora,Enriched,9.272,0,1,T3
A3_1X1_P05,T9,A3,1X1,P05,Pocillopora,Enriched,13.706,0,1,T3
A3_1X1_P7A,T3,A3,1X1,P7A,Pocillopora,Enriched,NA,1,1,T3
A3_1X1_P7A,T9,A3,1X1,P7A,Pocillopora,Enriched,12.561,0,1,T3
A3_1X1_P7A,T6,A3,1X1,P7A,Pocillopora,Enriched,10.228,0,1,T3
A3_1X1_P7B,T9,A3,1X1,P7B,Pocillopora,Enriched,8.521,0,1,T6
A3_1X1_P7B,T6,A3,1X1,P7B,Pocillopora,Enriched,NA,1,1,T6
A3_1X1_P08,T9,A3,1X1,P08,Pocillopora,Enriched,5.14,0,1,T6
A3_1X1_P08,T6,A3,1X1,P08,Pocillopora,Enriched,4.276,1,1,T6
A3_1X1_P09,T9,A3,1X1,P09,Pocillopora,Enriched,5.77,0,1,T6
A3_1X1_P09,T6,A3,1X1,P09,Pocillopora,Enriched,3.379,1,1,T6
A3_2X2_P01,T3,A3,2X2,P01,Pocillopora,Enriched,3.534,1,1,T3
A3_2X2_P01,T6,A3,2X2,P01,Pocillopora,Enriched,6.948,0,1,T3
A3_2X2_P01,T9,A3,2X2,P01,Pocillopora,Enriched,8.856,0,1,T3
A3_2X2_P10,T6,A3,2X2,P10,Pocillopora,Enriched,2.126,1,1,T6
A3_2X2_P10,T9,A3,2X2,P10,Pocillopora,Enriched,3.296,0,1,T6
A3_2X2_P11,T6,A3,2X2,P11,Pocillopora,Enriched,3.859,1,1,T6
A3_2X2_P11,T9,A3,2X2,P11,Pocillopora,Enriched,6.909,0,1,T6
A3_2X2_P12,T6,A3,2X2,P12,Pocillopora,Enriched,3.759,1,1,T6
A3_2X2_P12,T9,A3,2X2,P12,Pocillopora,Enriched,6.694,0,1,T6
A3_2X2_P13,T6,A3,2X2,P13,Pocillopora,Enriched,3.057,1,1,T6
A3_2X2_P13,T9,A3,2X2,P13,Pocillopora,Enriched,5.892,0,1,T6
A3_2X2_P14,T9,A3,2X2,P14,Pocillopora,Enriched,2.415,1,1,T9
A3_2X2_P02,T3,A3,2X2,P02,Pocillopora,Enriched,3.241,1,1,T3
A3_2X2_P02,T6,A3,2X2,P02,Pocillopora,Enriched,4.481,0,1,T3
A3_2X2_P02,T9,A3,2X2,P02,Pocillopora,Enriched,5.856,0,1,T3
A3_2X2_P03,T3,A3,2X2,P03,Pocillopora,Enriched,4.677,1,1,T3
A3_2X2_P03,T6,A3,2X2,P03,Pocillopora,Enriched,9.332,0,1,T3
A3_2X2_P03,T9,A3,2X2,P03,Pocillopora,Enriched,9.934,0,1,T3
A3_2X2_P04,T3,A3,2X2,P04,Pocillopora,Enriched,3.472,1,1,T3
A3_2X2_P04,T6,A3,2X2,P04,Pocillopora,Enriched,5.199,0,1,T3
A3_2X2_P04,T9,A3,2X2,P04,Pocillopora,Enriched,8.018,0,1,T3
A3_2X2_P05,T3,A3,2X2,P05,Pocillopora,Enriched,2.079,1,1,T3
A3_2X2_P05,T6,A3,2X2,P05,Pocillopora,Enriched,3.734,0,1,T3
A3_2X2_P05,T9,A3,2X2,P05,Pocillopora,Enriched,2.716,0,1,T3
A3_2X2_P06,T3,A3,2X2,P06,Pocillopora,Enriched,2.2,1,1,T3
A3_2X2_P06,T6,A3,2X2,P06,Pocillopora,Enriched,4.07,0,1,T3
A3_2X2_P06,T9,A3,2X2,P06,Pocillopora,Enriched,3.496,0,1,T3
A3_2X2_P07,T3,A3,2X2,P07,Pocillopora,Enriched,3.4,1,1,T3
A3_2X2_P07,T6,A3,2X2,P07,Pocillopora,Enriched,6.824,0,1,T3
A3_2X2_P07,T9,A3,2X2,P07,Pocillopora,Enriched,8.385,0,1,T3
A3_2X2_P08,T6,A3,2X2,P08,Pocillopora,Enriched,1.485,1,1,T6
A3_2X2_P08,T9,A3,2X2,P08,Pocillopora,Enriched,2.928,0,1,T6
A3_3X3_P10,T6,A3,3X3,P10,Pocillopora,Enriched,4.585,1,1,T6
A3_3X3_P10,T9,A3,3X3,P10,Pocillopora,Enriched,6.041,0,1,T6
A3_3X3_P12,T6,A3,3X3,P12,Pocillopora,Enriched,0.932,1,1,T6
A3_3X3_P12,T9,A3,3X3,P12,Pocillopora,Enriched,2.439,0,1,T6
A3_3X3_P13,T9,A3,3X3,P13,Pocillopora,Enriched,3.617,1,1,T9
A3_3X3_P14,T6,A3,3X3,P14,Pocillopora,Enriched,1.56,1,1,T6
A3_3X3_P14,T9,A3,3X3,P14,Pocillopora,Enriched,2.973,0,1,T6
A3_3X3_P15,T9,A3,3X3,P15,Pocillopora,Enriched,2.125,1,1,T9
A3_3X3_P16,T9,A3,3X3,P16,Pocillopora,Enriched,2.439,1,1,T9
A3_3X3_P02,T9,A3,3X3,P02,Pocillopora,Enriched,6.11,0,1,T3
A3_3X3_P02,T3,A3,3X3,P02,Pocillopora,Enriched,1.81,1,1,T3
A3_3X3_P02,T6,A3,3X3,P02,Pocillopora,Enriched,4.429,0,1,T3
A3_3X3_P03,T9,A3,3X3,P03,Pocillopora,Enriched,7.561,0,1,T3
A3_3X3_P03,T3,A3,3X3,P03,Pocillopora,Enriched,2.46,1,1,T3
A3_3X3_P03,T6,A3,3X3,P03,Pocillopora,Enriched,4.912,0,1,T3
A3_3X3_P04,T9,A3,3X3,P04,Pocillopora,Enriched,8.071,0,1,T3
A3_3X3_P04,T3,A3,3X3,P04,Pocillopora,Enriched,2.782,1,1,T3
A3_3X3_P04,T6,A3,3X3,P04,Pocillopora,Enriched,5.057,0,1,T3
A3_3X3_P5A,T9,A3,3X3,P5A,Pocillopora,Enriched,10.493,0,1,T3
A3_3X3_P5A,T3,A3,3X3,P5A,Pocillopora,Enriched,3.505,1,1,T3
A3_3X3_P5A,T6,A3,3X3,P5A,Pocillopora,Enriched,6.81,0,1,T3
A3_3X3_P5B,T9,A3,3X3,P5B,Pocillopora,Enriched,8.869,0,1,T3
A3_3X3_P5B,T3,A3,3X3,P5B,Pocillopora,Enriched,2.454,1,1,T3
A3_3X3_P5B,T6,A3,3X3,P5B,Pocillopora,Enriched,5.44,0,1,T3
A3_3X3_P06,T9,A3,3X3,P06,Pocillopora,Enriched,14.482,0,1,T3
A3_3X3_P06,T3,A3,3X3,P06,Pocillopora,Enriched,3.619,1,1,T3
A3_3X3_P06,T6,A3,3X3,P06,Pocillopora,Enriched,10.064,0,1,T3
A3_3X3_P07,T3,A3,3X3,P07,Pocillopora,Enriched,2.495,1,1,T3
A3_3X3_P07,T6,A3,3X3,P07,Pocillopora,Enriched,5.004,0,1,T3
A3_3X3_P07,T9,A3,3X3,P07,Pocillopora,Enriched,7.229,0,1,T3
A3_3X3_P08,T3,A3,3X3,P08,Pocillopora,Enriched,2.032,1,1,T3
A3_3X3_P08,T6,A3,3X3,P08,Pocillopora,Enriched,4.976,0,1,T3
A3_3X3_P08,T9,A3,3X3,P08,Pocillopora,Enriched,7.757,0,1,T3
A3_3X3_P09,T6,A3,3X3,P09,Pocillopora,Enriched,2.975,1,1,T6
A3_3X3_P09,T9,A3,3X3,P09,Pocillopora,Enriched,4.625,0,1,T6
A3_open_P01,T3,A3,open,P01,Pocillopora,Enriched,1.851,1,1,T3
A3_open_P01,T6,A3,open,P01,Pocillopora,Enriched,4.91,0,1,T3
A3_open_P01,T9,A3,open,P01,Pocillopora,Enriched,8.912,0,1,T3
A3_open_P11,T6,A3,open,P11,Pocillopora,Enriched,1.56,1,1,T6
A3_open_P11,T9,A3,open,P11,Pocillopora,Enriched,2.583,0,1,T6
A3_open_P14,T6,A3,open,P14,Pocillopora,Enriched,1.763,1,1,T6
A3_open_P14,T9,A3,open,P14,Pocillopora,Enriched,3.248,0,1,T6
A3_open_P15,T9,A3,open,P15,Pocillopora,Enriched,2.241,1,1,T9
A3_open_P02,T3,A3,open,P02,Pocillopora,Enriched,2.696,1,1,T3
A3_open_P02,T6,A3,open,P02,Pocillopora,Enriched,5.314,0,1,T3
A3_open_P02,T9,A3,open,P02,Pocillopora,Enriched,7.392,0,1,T3
A3_open_P03,T3,A3,open,P03,Pocillopora,Enriched,3.502,1,1,T3
A3_open_P03,T6,A3,open,P03,Pocillopora,Enriched,5.193,0,1,T3
A3_open_P03,T9,A3,open,P03,Pocillopora,Enriched,6.89,0,1,T3
A3_open_P04,T3,A3,open,P04,Pocillopora,Enriched,2.619,1,1,T3
A3_open_P04,T6,A3,open,P04,Pocillopora,Enriched,4.735,0,1,T3
A3_open_P04,T9,A3,open,P04,Pocillopora,Enriched,6.756,0,1,T3
A3_open_P05,T3,A3,open,P05,Pocillopora,Enriched,3.27,1,1,T3
A3_open_P05,T6,A3,open,P05,Pocillopora,Enriched,5.909,0,1,T3
A3_open_P05,T9,A3,open,P05,Pocillopora,Enriched,7.27,0,1,T3
A3_open_P07,T6,A3,open,P07,Pocillopora,Enriched,2.943,1,1,T6
A3_open_P07,T9,A3,open,P07,Pocillopora,Enriched,6.541,0,1,T6
A3_open_P08,T6,A3,open,P08,Pocillopora,Enriched,2.677,1,1,T6
A3_open_P08,T9,A3,open,P08,Pocillopora,Enriched,3.898,0,1,T6
A3_open_P09,T6,A3,open,P09,Pocillopora,Enriched,1.867,1,1,T6
A3_open_P09,T9,A3,open,P09,Pocillopora,Enriched,4.212,0,1,T6
A4_1X1_P01,T9,A4,1X1,P01,Pocillopora,Ambient,6.373,0,1,T6
A4_1X1_P01,T6,A4,1X1,P01,Pocillopora,Ambient,3.147,1,1,T6
A4_1X1_P11,T3,A4,1X1,P11,Pocillopora,Ambient,2.089,1,1,T6
A4_1X1_P11,T9,A4,1X1,P11,Pocillopora,Ambient,6.602,0,1,T6
A4_1X1_P11,T6,A4,1X1,P11,Pocillopora,Ambient,4.914,0,1,T6
A4_1X1_P12,T3,A4,1X1,P12,Pocillopora,Ambient,1.991,1,1,T6
A4_1X1_P12,T9,A4,1X1,P12,Pocillopora,Ambient,8.104,0,1,T6
A4_1X1_P12,T6,A4,1X1,P12,Pocillopora,Ambient,5,0,1,T6
A4_1X1_P13,T3,A4,1X1,P13,Pocillopora,Ambient,1.662,1,1,T6
A4_1X1_P13,T6,A4,1X1,P13,Pocillopora,Ambient,3.53,0,1,T6
A4_1X1_P13,T9,A4,1X1,P13,Pocillopora,Ambient,4.347,0,1,T6
A4_1X1_P14,T3,A4,1X1,P14,Pocillopora,Ambient,2.159,1,1,T6
A4_1X1_P14,T6,A4,1X1,P14,Pocillopora,Ambient,5.7,0,1,T6
A4_1X1_P14,T9,A4,1X1,P14,Pocillopora,Ambient,9.707,0,1,T6
A4_1X1_P17,T3,A4,1X1,P17,Pocillopora,Ambient,1.455,1,1,T6
A4_1X1_P17,T6,A4,1X1,P17,Pocillopora,Ambient,3.749,0,1,T6
A4_1X1_P17,T9,A4,1X1,P17,Pocillopora,Ambient,4.61,0,1,T6
A4_1X1_P21,T6,A4,1X1,P21,Pocillopora,Ambient,1.604,1,1,T6
A4_1X1_P21,T9,A4,1X1,P21,Pocillopora,Ambient,2.337,0,1,T6
A4_1X1_P22,T6,A4,1X1,P22,Pocillopora,Ambient,2.449,1,1,T6
A4_1X1_P22,T9,A4,1X1,P22,Pocillopora,Ambient,2.538,0,1,T6
A4_1X1_P24,T9,A4,1X1,P24,Pocillopora,Ambient,6.559,1,1,T9
A4_1X1_P25,T6,A4,1X1,P25,Pocillopora,Ambient,NA,0,1,T9
A4_1X1_P25,T3,A4,1X1,P25,Pocillopora,Ambient,1.153,1,1,T9
A4_1X1_P25,T9,A4,1X1,P25,Pocillopora,Ambient,4.62,1,1,T9
A4_1X1_P28,T9,A4,1X1,P28,Pocillopora,Ambient,1.454,1,1,T9
A4_1X1_P03,T6,A4,1X1,P03,Pocillopora,Ambient,4.421,0,1,T6
A4_1X1_P03,T3,A4,1X1,P03,Pocillopora,Ambient,1.915,1,1,T6
A4_1X1_P03,T9,A4,1X1,P03,Pocillopora,Ambient,5.319,0,1,T6
A4_1X1_P05,T6,A4,1X1,P05,Pocillopora,Ambient,5.857,0,1,T6
A4_1X1_P05,T3,A4,1X1,P05,Pocillopora,Ambient,1.951,1,1,T6
A4_1X1_P05,T9,A4,1X1,P05,Pocillopora,Ambient,8.036,0,1,T6
A4_1X1_P08,T0,A4,1X1,P08,Pocillopora,Ambient,NA,1,1,T0
A4_1X1_P08,T6,A4,1X1,P08,Pocillopora,Ambient,6.694,0,1,T0
A4_1X1_P08,T3,A4,1X1,P08,Pocillopora,Ambient,2.612,0,1,T0
A4_1X1_P08,T9,A4,1X1,P08,Pocillopora,Ambient,8.343,0,1,T0
A4_1X1_P09,T6,A4,1X1,P09,Pocillopora,Ambient,6.007,0,1,T6
A4_1X1_P09,T3,A4,1X1,P09,Pocillopora,Ambient,2.974,1,1,T6
A4_1X1_P09,T9,A4,1X1,P09,Pocillopora,Ambient,8.796,0,1,T6
A4_2X2_P01,T6,A4,2X2,P01,Pocillopora,Ambient,3.934,0,1,T3
A4_2X2_P01,T0,A4,2X2,P01,Pocillopora,Ambient,NA,1,1,T3
A4_2X2_P01,T3,A4,2X2,P01,Pocillopora,Ambient,3.769,1,1,T3
A4_2X2_P01,T9,A4,2X2,P01,Pocillopora,Ambient,10.231,0,1,T3
A4_2X2_P11,T6,A4,2X2,P11,Pocillopora,Ambient,4.895,0,1,T3
A4_2X2_P11,T9,A4,2X2,P11,Pocillopora,Ambient,7.926,0,1,T3
A4_2X2_P11,T3,A4,2X2,P11,Pocillopora,Ambient,2.676,1,1,T3
A4_2X2_P12,T6,A4,2X2,P12,Pocillopora,Ambient,7.329,0,1,T0
A4_2X2_P12,T0,A4,2X2,P12,Pocillopora,Ambient,NA,1,1,T0
A4_2X2_P12,T9,A4,2X2,P12,Pocillopora,Ambient,9.333,0,1,T0
A4_2X2_P12,T3,A4,2X2,P12,Pocillopora,Ambient,2.563,0,1,T0
A4_2X2_P13,T3,A4,2X2,P13,Pocillopora,Ambient,1.951,1,1,T3
A4_2X2_P13,T6,A4,2X2,P13,Pocillopora,Ambient,4.732,0,1,T3
A4_2X2_P13,T9,A4,2X2,P13,Pocillopora,Ambient,5.423,0,1,T3
A4_2X2_P14,T3,A4,2X2,P14,Pocillopora,Ambient,2.022,1,1,T3
A4_2X2_P14,T6,A4,2X2,P14,Pocillopora,Ambient,1.703,0,1,T3
A4_2X2_P14,T9,A4,2X2,P14,Pocillopora,Ambient,4.489,0,1,T3
A4_2X2_P16,T6,A4,2X2,P16,Pocillopora,Ambient,1.932,1,1,T6
A4_2X2_P16,T9,A4,2X2,P16,Pocillopora,Ambient,NA,0,0,T6
A4_2X2_P02,T3,A4,2X2,P02,Pocillopora,Ambient,1.522,1,1,T3
A4_2X2_P02,T6,A4,2X2,P02,Pocillopora,Ambient,2.902,0,1,T3
A4_2X2_P02,T9,A4,2X2,P02,Pocillopora,Ambient,3.849,0,1,T3
A4_2X2_P03,T6,A4,2X2,P03,Pocillopora,Ambient,10.525,0,1,T0
A4_2X2_P03,T0,A4,2X2,P03,Pocillopora,Ambient,NA,1,1,T0
A4_2X2_P03,T9,A4,2X2,P03,Pocillopora,Ambient,13.822,0,1,T0
A4_2X2_P03,T3,A4,2X2,P03,Pocillopora,Ambient,5.556,0,1,T0
A4_2X2_P05,T3,A4,2X2,P05,Pocillopora,Ambient,3.313,1,1,T3
A4_2X2_P05,T6,A4,2X2,P05,Pocillopora,Ambient,5.692,0,1,T3
A4_2X2_P05,T9,A4,2X2,P05,Pocillopora,Ambient,8.18,0,1,T3
A4_2X2_P06,T3,A4,2X2,P06,Pocillopora,Ambient,6.78,0,1,T0
A4_2X2_P06,T6,A4,2X2,P06,Pocillopora,Ambient,11.391,0,1,T0
A4_2X2_P06,T0,A4,2X2,P06,Pocillopora,Ambient,NA,1,1,T0
A4_2X2_P06,T9,A4,2X2,P06,Pocillopora,Ambient,16.395,0,1,T0
A4_2X2_P09,T3,A4,2X2,P09,Pocillopora,Ambient,2.176,1,1,T3
A4_2X2_P09,T6,A4,2X2,P09,Pocillopora,Ambient,4.865,0,1,T3
A4_2X2_P09,T9,A4,2X2,P09,Pocillopora,Ambient,7.904,0,1,T3
A4_3X3_P01,T3,A4,3X3,P01,Pocillopora,Ambient,3.49,1,1,T0
A4_3X3_P01,T9,A4,3X3,P01,Pocillopora,Ambient,8.3,0,1,T0
A4_3X3_P01,T6,A4,3X3,P01,Pocillopora,Ambient,6.034,0,1,T0
A4_3X3_P14,T9,A4,3X3,P14,Pocillopora,Ambient,2.414,1,1,T9
A4_3X3_P15,T9,A4,3X3,P15,Pocillopora,Ambient,3.829,1,1,T9
A4_3X3_P16,T9,A4,3X3,P16,Pocillopora,Ambient,2.179,1,1,T9
A4_3X3_P04,T3,A4,3X3,P04,Pocillopora,Ambient,1.329,1,1,T3
A4_3X3_P04,T6,A4,3X3,P04,Pocillopora,Ambient,3.103,0,1,T3
A4_3X3_P04,T9,A4,3X3,P04,Pocillopora,Ambient,3.18,0,1,T3
A4_3X3_P06,T9,A4,3X3,P06,Pocillopora,Ambient,6.203,0,1,T3
A4_3X3_P06,T3,A4,3X3,P06,Pocillopora,Ambient,2.118,1,1,T3
A4_3X3_P06,T6,A4,3X3,P06,Pocillopora,Ambient,4.392,0,1,T3
A4_3X3_P07,T9,A4,3X3,P07,Pocillopora,Ambient,NA,0,0,T0
A4_3X3_P07,T3,A4,3X3,P07,Pocillopora,Ambient,NA,0,0,T0
A4_3X3_P07,T0,A4,3X3,P07,Pocillopora,Ambient,NA,1,1,T0
A4_3X3_P07,T6,A4,3X3,P07,Pocillopora,Ambient,NA,0,0,T0
A4_3X3_P08,T9,A4,3X3,P08,Pocillopora,Ambient,3.719,0,1,T3
A4_3X3_P08,T3,A4,3X3,P08,Pocillopora,Ambient,0.662,1,1,T3
A4_3X3_P08,T6,A4,3X3,P08,Pocillopora,Ambient,1.883,0,1,T3
A4_3X3_P09,T9,A4,3X3,P09,Pocillopora,Ambient,4.722,0,1,T6
A4_3X3_P09,T6,A4,3X3,P09,Pocillopora,Ambient,2.395,1,1,T6
A4_open_P01,T9,A4,open,P01,Pocillopora,Ambient,8.979,0,1,T3
A4_open_P01,T3,A4,open,P01,Pocillopora,Ambient,3.204,1,1,T3
A4_open_P01,T6,A4,open,P01,Pocillopora,Ambient,6.181,0,1,T3
A4_open_P12,T6,A4,open,P12,Pocillopora,Ambient,1.048,1,1,T6
A4_open_P12,T9,A4,open,P12,Pocillopora,Ambient,2.244,0,1,T6
A4_open_P13,T6,A4,open,P13,Pocillopora,Ambient,0.951,1,1,T6
A4_open_P13,T9,A4,open,P13,Pocillopora,Ambient,3.31,0,1,T6
A4_open_P14,T6,A4,open,P14,Pocillopora,Ambient,1.369,1,1,T6
A4_open_P14,T9,A4,open,P14,Pocillopora,Ambient,2.752,0,1,T6
A4_open_P06,T6,A4,open,P06,Pocillopora,Ambient,2.842,1,1,T6
A4_open_P06,T9,A4,open,P06,Pocillopora,Ambient,4.712,0,1,T6
B1_1X1_P01,T6,B1,1X1,P01,Pocillopora,Enriched,3.344,0,1,T3
B1_1X1_P01,T3,B1,1X1,P01,Pocillopora,Enriched,1.533,1,1,T3
B1_1X1_P01,T9,B1,1X1,P01,Pocillopora,Enriched,7.059,0,1,T3
B1_1X1_P10,T6,B1,1X1,P10,Pocillopora,Enriched,4.279,1,1,T6
B1_1X1_P10,T9,B1,1X1,P10,Pocillopora,Enriched,7.47,0,1,T6
B1_1X1_P11,T6,B1,1X1,P11,Pocillopora,Enriched,2.241,1,1,T6
B1_1X1_P11,T9,B1,1X1,P11,Pocillopora,Enriched,2.964,0,1,T6
B1_1X1_P02,T3,B1,1X1,P02,Pocillopora,Enriched,5.172,0,1,T0
B1_1X1_P02,T6,B1,1X1,P02,Pocillopora,Enriched,11.194,0,1,T0
B1_1X1_P02,T0,B1,1X1,P02,Pocillopora,Enriched,NA,1,1,T0
B1_1X1_P02,T9,B1,1X1,P02,Pocillopora,Enriched,16.25,0,1,T0
B1_1X1_P03,T6,B1,1X1,P03,Pocillopora,Enriched,6.104,0,1,T3
B1_1X1_P03,T3,B1,1X1,P03,Pocillopora,Enriched,4.163,1,1,T3
B1_1X1_P03,T9,B1,1X1,P03,Pocillopora,Enriched,9.035,0,1,T3
B1_1X1_P04,T3,B1,1X1,P04,Pocillopora,Enriched,3.382,1,1,T3
B1_1X1_P04,T6,B1,1X1,P04,Pocillopora,Enriched,7.379,0,1,T3
B1_1X1_P04,T9,B1,1X1,P04,Pocillopora,Enriched,12.457,0,1,T3
B1_1X1_P05,T3,B1,1X1,P05,Pocillopora,Enriched,4.753,1,1,T3
B1_1X1_P05,T6,B1,1X1,P05,Pocillopora,Enriched,10.179,0,1,T3
B1_1X1_P05,T9,B1,1X1,P05,Pocillopora,Enriched,16.885,0,1,T3
B1_1X1_P06,T6,B1,1X1,P06,Pocillopora,Enriched,3.582,0,1,T3
B1_1X1_P06,T3,B1,1X1,P06,Pocillopora,Enriched,1.615,1,1,T3
B1_1X1_P06,T9,B1,1X1,P06,Pocillopora,Enriched,7.966,0,1,T3
B1_1X1_P07,T6,B1,1X1,P07,Pocillopora,Enriched,2.851,1,1,T6
B1_1X1_P07,T9,B1,1X1,P07,Pocillopora,Enriched,3.379,0,1,T6
B1_1X1_P09,T6,B1,1X1,P09,Pocillopora,Enriched,3.62,1,1,T6
B1_1X1_P09,T9,B1,1X1,P09,Pocillopora,Enriched,4.633,0,1,T6
B1_2X2_P10,T3,B1,2X2,P10,Pocillopora,Enriched,3.37,1,1,T3
B1_2X2_P10,T6,B1,2X2,P10,Pocillopora,Enriched,4.917,0,1,T3
B1_2X2_P10,T9,B1,2X2,P10,Pocillopora,Enriched,7.01,0,1,T3
B1_2X2_P11,T3,B1,2X2,P11,Pocillopora,Enriched,2.521,1,1,T3
B1_2X2_P11,T6,B1,2X2,P11,Pocillopora,Enriched,5.288,0,1,T3
B1_2X2_P11,T9,B1,2X2,P11,Pocillopora,Enriched,9.486,0,1,T3
B1_2X2_P12,T6,B1,2X2,P12,Pocillopora,Enriched,5.713,1,1,T6
B1_2X2_P12,T9,B1,2X2,P12,Pocillopora,Enriched,10.36,0,1,T6
B1_2X2_P13,T3,B1,2X2,P13,Pocillopora,Enriched,2.092,1,1,T3
B1_2X2_P13,T6,B1,2X2,P13,Pocillopora,Enriched,6.599,0,1,T3
B1_2X2_P13,T9,B1,2X2,P13,Pocillopora,Enriched,10.414,0,1,T3
B1_2X2_P14A,T6,B1,2X2,P14A,Pocillopora,Enriched,2.853,1,1,T6
B1_2X2_P14A,T9,B1,2X2,P14A,Pocillopora,Enriched,4.29,0,1,T6
B1_2X2_P14B,T3,B1,2X2,P14B,Pocillopora,Enriched,3.294,1,1,T3
B1_2X2_P14B,T6,B1,2X2,P14B,Pocillopora,Enriched,6.692,0,1,T3
B1_2X2_P14B,T9,B1,2X2,P14B,Pocillopora,Enriched,10.776,0,1,T3
B1_2X2_P15,T3,B1,2X2,P15,Pocillopora,Enriched,2.813,0,1,T0
B1_2X2_P15,T6,B1,2X2,P15,Pocillopora,Enriched,1.498,0,1,T0
B1_2X2_P15,T0,B1,2X2,P15,Pocillopora,Enriched,NA,1,1,T0
B1_2X2_P15,T9,B1,2X2,P15,Pocillopora,Enriched,4.202,0,1,T0
B1_2X2_P18,T9,B1,2X2,P18,Pocillopora,Enriched,2.985,1,1,T9
B1_2X2_P02,T3,B1,2X2,P02,Pocillopora,Enriched,2.591,1,1,T3
B1_2X2_P02,T6,B1,2X2,P02,Pocillopora,Enriched,3.552,0,1,T3
B1_2X2_P02,T9,B1,2X2,P02,Pocillopora,Enriched,5.556,0,1,T3
B1_2X2_P03,T3,B1,2X2,P03,Pocillopora,Enriched,3.13,1,1,T3
B1_2X2_P03,T6,B1,2X2,P03,Pocillopora,Enriched,4.982,0,1,T3
B1_2X2_P03,T9,B1,2X2,P03,Pocillopora,Enriched,8.042,0,1,T3
B1_3X3_P01,T6,B1,3X3,P01,Pocillopora,Enriched,6.696,0,1,T3
B1_3X3_P01,T9,B1,3X3,P01,Pocillopora,Enriched,10.029,0,1,T3
B1_3X3_P01,T3,B1,3X3,P01,Pocillopora,Enriched,4.917,1,1,T3
B1_3X3_P10,T6,B1,3X3,P10,Pocillopora,Enriched,3.158,0,1,T3
B1_3X3_P10,T9,B1,3X3,P10,Pocillopora,Enriched,4.783,0,1,T3
B1_3X3_P10,T3,B1,3X3,P10,Pocillopora,Enriched,1.384,1,1,T3
B1_3X3_P11,T6,B1,3X3,P11,Pocillopora,Enriched,1.644,0,1,T3
B1_3X3_P11,T9,B1,3X3,P11,Pocillopora,Enriched,2.173,0,1,T3
B1_3X3_P11,T3,B1,3X3,P11,Pocillopora,Enriched,1.808,1,1,T3
B1_3X3_P13,T6,B1,3X3,P13,Pocillopora,Enriched,2.494,0,1,T3
B1_3X3_P13,T9,B1,3X3,P13,Pocillopora,Enriched,2.364,0,1,T3
B1_3X3_P13,T3,B1,3X3,P13,Pocillopora,Enriched,2.144,1,1,T3
B1_3X3_P15,T6,B1,3X3,P15,Pocillopora,Enriched,1.998,0,1,T3
B1_3X3_P15,T9,B1,3X3,P15,Pocillopora,Enriched,2.899,0,1,T3
B1_3X3_P15,T3,B1,3X3,P15,Pocillopora,Enriched,1.787,0,1,T3
B1_3X3_P16,T6,B1,3X3,P16,Pocillopora,Enriched,3.038,1,1,T6
B1_3X3_P16,T9,B1,3X3,P16,Pocillopora,Enriched,NA,0,1,T6
B1_3X3_P17,T6,B1,3X3,P17,Pocillopora,Enriched,4.255,1,1,T6
B1_3X3_P17,T9,B1,3X3,P17,Pocillopora,Enriched,NA,0,1,T6
B1_3X3_P18B,T9,B1,3X3,P18B,Pocillopora,Enriched,3.209,0,1,T6
B1_3X3_P18B,T6,B1,3X3,P18B,Pocillopora,Enriched,1.256,1,1,T6
B1_3X3_P19A,T9,B1,3X3,P19A,Pocillopora,Enriched,NA,0,1,T6
B1_3X3_P19A,T6,B1,3X3,P19A,Pocillopora,Enriched,3.259,1,1,T6
B1_3X3_P19B,T9,B1,3X3,P19B,Pocillopora,Enriched,2.28,0,1,T6
B1_3X3_P19B,T6,B1,3X3,P19B,Pocillopora,Enriched,1.973,1,1,T6
B1_3X3_P20,T9,B1,3X3,P20,Pocillopora,Enriched,7.626,0,1,T9
B1_3X3_P22,T9,B1,3X3,P22,Pocillopora,Enriched,2.977,1,1,T9
B1_3X3_P23,T9,B1,3X3,P23,Pocillopora,Enriched,1.98,1,1,T9
B1_3X3_P24,T9,B1,3X3,P24,Pocillopora,Enriched,2.406,1,1,T9
B1_3X3_P25,T9,B1,3X3,P25,Pocillopora,Enriched,2.735,1,1,T9
B1_3X3_P29,T9,B1,3X3,P29,Pocillopora,Enriched,3.542,1,1,T9
B1_3X3_P03,T0,B1,3X3,P03,Pocillopora,Enriched,NA,1,1,T0
B1_3X3_P03,T6,B1,3X3,P03,Pocillopora,Enriched,9.788,0,1,T0
B1_3X3_P03,T3,B1,3X3,P03,Pocillopora,Enriched,4.378,0,1,T0
B1_3X3_P03,T9,B1,3X3,P03,Pocillopora,Enriched,14.114,0,1,T0
B1_3X3_P04,T9,B1,3X3,P04,Pocillopora,Enriched,2.389,0,1,T3
B1_3X3_P04,T6,B1,3X3,P04,Pocillopora,Enriched,1.218,0,1,T3
B1_3X3_P04,T3,B1,3X3,P04,Pocillopora,Enriched,0.939,1,1,T3
B1_3X3_P05,T9,B1,3X3,P05,Pocillopora,Enriched,8.4,0,1,T3
B1_3X3_P05,T6,B1,3X3,P05,Pocillopora,Enriched,7.199,0,1,T3
B1_3X3_P05,T3,B1,3X3,P05,Pocillopora,Enriched,3.315,1,1,T3
B1_3X3_P07,T9,B1,3X3,P07,Pocillopora,Enriched,5.953,0,1,T3
B1_3X3_P07,T6,B1,3X3,P07,Pocillopora,Enriched,4.259,0,1,T3
B1_3X3_P07,T3,B1,3X3,P07,Pocillopora,Enriched,2.247,1,1,T3
B1_3X3_P09,T9,B1,3X3,P09,Pocillopora,Enriched,10.235,0,1,T3
B1_3X3_P09,T6,B1,3X3,P09,Pocillopora,Enriched,6.627,0,1,T3
B1_3X3_P09,T3,B1,3X3,P09,Pocillopora,Enriched,3.781,1,1,T3
B1_open_P12A,T6,B1,open,P12A,Pocillopora,Enriched,2.907,1,1,T6
B1_open_P12A,T9,B1,open,P12A,Pocillopora,Enriched,3.833,0,1,T6
B1_open_P13,T6,B1,open,P13,Pocillopora,Enriched,1.07,1,1,T6
B1_open_P13,T9,B1,open,P13,Pocillopora,Enriched,2.19,0,1,T6
B1_open_P03,T9,B1,open,P03,Pocillopora,Enriched,5.422,0,1,T3
B1_open_P03,T6,B1,open,P03,Pocillopora,Enriched,3.524,0,1,T3
B1_open_P03,T3,B1,open,P03,Pocillopora,Enriched,2.176,1,1,T3
B1_open_P04,T9,B1,open,P04,Pocillopora,Enriched,5.35,0,1,T3
B1_open_P04,T6,B1,open,P04,Pocillopora,Enriched,3.264,0,1,T3
B1_open_P04,T3,B1,open,P04,Pocillopora,Enriched,1.235,1,1,T3
B1_open_P05,T9,B1,open,P05,Pocillopora,Enriched,5.883,0,1,T3
B1_open_P05,T6,B1,open,P05,Pocillopora,Enriched,3.917,0,1,T3
B1_open_P05,T3,B1,open,P05,Pocillopora,Enriched,2.576,1,1,T3
B1_open_P07,T9,B1,open,P07,Pocillopora,Enriched,7.316,0,1,T3
B1_open_P07,T6,B1,open,P07,Pocillopora,Enriched,4.797,0,1,T3
B1_open_P07,T3,B1,open,P07,Pocillopora,Enriched,2.342,1,1,T3
B1_open_P08,T9,B1,open,P08,Pocillopora,Enriched,7.338,0,1,T6
B1_open_P08,T6,B1,open,P08,Pocillopora,Enriched,3.754,1,1,T6
B2_1X1_P10,T6,B2,1X1,P10,Pocillopora,Ambient,7.529,0,1,T3
B2_1X1_P10,T9,B2,1X1,P10,Pocillopora,Ambient,6.5,0,1,T3
B2_1X1_P10,T3,B2,1X1,P10,Pocillopora,Ambient,3.452,1,1,T3
B2_1X1_P11,T6,B2,1X1,P11,Pocillopora,Ambient,4.382,0,1,T3
B2_1X1_P11,T9,B2,1X1,P11,Pocillopora,Ambient,8.068,0,1,T3
B2_1X1_P11,T3,B2,1X1,P11,Pocillopora,Ambient,1.782,1,1,T3
B2_1X1_P16,T6,B2,1X1,P16,Pocillopora,Ambient,5.295,0,1,T3
B2_1X1_P16,T9,B2,1X1,P16,Pocillopora,Ambient,7.323,0,1,T3
B2_1X1_P16,T3,B2,1X1,P16,Pocillopora,Ambient,3.905,1,1,T3
B2_1X1_P19,T6,B2,1X1,P19,Pocillopora,Ambient,1.393,1,1,T6
B2_1X1_P19,T9,B2,1X1,P19,Pocillopora,Ambient,3.347,0,1,T6
B2_1X1_P02,T6,B2,1X1,P02,Pocillopora,Ambient,5.534,0,1,T3
B2_1X1_P02,T9,B2,1X1,P02,Pocillopora,Ambient,7.801,0,1,T3
B2_1X1_P02,T3,B2,1X1,P02,Pocillopora,Ambient,3.062,1,1,T3
B2_1X1_P21,T9,B2,1X1,P21,Pocillopora,Ambient,3.93,1,1,T9
B2_1X1_P22,T9,B2,1X1,P22,Pocillopora,Ambient,2.946,1,1,T9
B2_1X1_P23,T0,B2,1X1,P23,Pocillopora,Ambient,NA,1,1,T3
B2_1X1_P23,T6,B2,1X1,P23,Pocillopora,Ambient,NA,0,1,T3
B2_1X1_P23,T9,B2,1X1,P23,Pocillopora,Ambient,3.904,1,1,T3
B2_1X1_P23,T3,B2,1X1,P23,Pocillopora,Ambient,3.495,0,1,T3
B2_1X1_P24,T6,B2,1X1,P24,Pocillopora,Ambient,NA,0,1,T3
B2_1X1_P24,T9,B2,1X1,P24,Pocillopora,Ambient,8.065,0,1,T3
B2_1X1_P24,T3,B2,1X1,P24,Pocillopora,Ambient,3.5,1,1,T3
B2_1X1_P25,T6,B2,1X1,P25,Pocillopora,Ambient,4.683,1,1,T6
B2_1X1_P25,T9,B2,1X1,P25,Pocillopora,Ambient,6.141,0,1,T6
B2_1X1_P26,T9,B2,1X1,P26,Pocillopora,Ambient,2.102,1,1,T9
B2_1X1_P28,T9,B2,1X1,P28,Pocillopora,Ambient,4.014,1,1,T9
B2_1X1_P29,T9,B2,1X1,P29,Pocillopora,Ambient,3.718,1,1,T9
B2_1X1_P03,T0,B2,1X1,P03,Pocillopora,Ambient,NA,1,1,T0
B2_1X1_P03,T6,B2,1X1,P03,Pocillopora,Ambient,6.236,0,1,T0
B2_1X1_P03,T9,B2,1X1,P03,Pocillopora,Ambient,9.237,0,1,T0
B2_1X1_P03,T3,B2,1X1,P03,Pocillopora,Ambient,3.497,0,1,T0
B2_1X1_P05,T6,B2,1X1,P05,Pocillopora,Ambient,2.788,0,1,T3
B2_1X1_P05,T3,B2,1X1,P05,Pocillopora,Ambient,2.264,1,1,T3
B2_1X1_P05,T9,B2,1X1,P05,Pocillopora,Ambient,4.92,0,1,T3
B2_1X1_P06,T6,B2,1X1,P06,Pocillopora,Ambient,4.193,0,1,T3
B2_1X1_P06,T3,B2,1X1,P06,Pocillopora,Ambient,2.77,1,1,T3
B2_1X1_P06,T9,B2,1X1,P06,Pocillopora,Ambient,6.477,0,1,T3
B2_1X1_P07,T6,B2,1X1,P07,Pocillopora,Ambient,2.809,0,1,T3
B2_1X1_P07,T3,B2,1X1,P07,Pocillopora,Ambient,2.049,1,1,T3
B2_1X1_P07,T9,B2,1X1,P07,Pocillopora,Ambient,3.251,0,1,T3
B2_1X1_P08,T6,B2,1X1,P08,Pocillopora,Ambient,6.599,0,1,T3
B2_1X1_P08,T3,B2,1X1,P08,Pocillopora,Ambient,3.146,1,1,T3
B2_1X1_P08,T9,B2,1X1,P08,Pocillopora,Ambient,9.603,0,1,T3
B2_1X1_P09,T6,B2,1X1,P09,Pocillopora,Ambient,7.582,0,1,T3
B2_1X1_P09,T3,B2,1X1,P09,Pocillopora,Ambient,4.034,1,1,T3
B2_1X1_P09,T9,B2,1X1,P09,Pocillopora,Ambient,10.666,0,1,T3
B2_2X2_P10,T9,B2,2X2,P10,Pocillopora,Ambient,3.001,1,1,T9
B2_2X2_P03,T0,B2,2X2,P03,Pocillopora,Ambient,NA,1,1,T0
B2_2X2_P03,T3,B2,2X2,P03,Pocillopora,Ambient,3.465,0,1,T0
B2_2X2_P03,T6,B2,2X2,P03,Pocillopora,Ambient,5.117,0,1,T0
B2_2X2_P03,T9,B2,2X2,P03,Pocillopora,Ambient,7.719,0,1,T0
B2_2X2_P05,T0,B2,2X2,P05,Pocillopora,Ambient,NA,1,1,T0
B2_2X2_P05,T6,B2,2X2,P05,Pocillopora,Ambient,5.654,0,1,T0
B2_2X2_P05,T3,B2,2X2,P05,Pocillopora,Ambient,2.883,0,1,T0
B2_2X2_P05,T9,B2,2X2,P05,Pocillopora,Ambient,9.098,0,1,T0
B2_2X2_P06,T6,B2,2X2,P06,Pocillopora,Ambient,1.888,1,1,T6
B2_2X2_P06,T9,B2,2X2,P06,Pocillopora,Ambient,3.54,0,1,T6
B2_2X2_P07,T6,B2,2X2,P07,Pocillopora,Ambient,6.782,0,1,T3
B2_2X2_P07,T3,B2,2X2,P07,Pocillopora,Ambient,2.589,1,1,T3
B2_2X2_P07,T9,B2,2X2,P07,Pocillopora,Ambient,10.943,0,1,T3
B2_2X2_P08,T6,B2,2X2,P08,Pocillopora,Ambient,5.81,1,1,T6
B2_2X2_P08,T9,B2,2X2,P08,Pocillopora,Ambient,7.825,0,1,T6
B2_2X2_P09,T6,B2,2X2,P09,Pocillopora,Ambient,1.649,1,1,T6
B2_2X2_P09,T9,B2,2X2,P09,Pocillopora,Ambient,3.438,0,1,T6
B2_3X3_P01,T6,B2,3X3,P01,Pocillopora,Ambient,4.235,0,1,T3
B2_3X3_P01,T3,B2,3X3,P01,Pocillopora,Ambient,2.677,1,1,T3
B2_3X3_P01,T9,B2,3X3,P01,Pocillopora,Ambient,6.781,0,1,T3
B2_3X3_P12,T6,B2,3X3,P12,Pocillopora,Ambient,3.238,0,1,T3
B2_3X3_P12,T3,B2,3X3,P12,Pocillopora,Ambient,3.356,1,1,T3
B2_3X3_P12,T9,B2,3X3,P12,Pocillopora,Ambient,5.208,0,1,T3
B2_3X3_P16,T6,B2,3X3,P16,Pocillopora,Ambient,4.153,0,1,T3
B2_3X3_P16,T3,B2,3X3,P16,Pocillopora,Ambient,1.993,1,1,T3
B2_3X3_P16,T9,B2,3X3,P16,Pocillopora,Ambient,5.959,0,1,T3
B2_3X3_P18,T6,B2,3X3,P18,Pocillopora,Ambient,1.756,1,1,T6
B2_3X3_P18,T9,B2,3X3,P18,Pocillopora,Ambient,3.491,0,1,T6
B2_3X3_P19,T6,B2,3X3,P19,Pocillopora,Ambient,2.815,1,1,T6
B2_3X3_P19,T9,B2,3X3,P19,Pocillopora,Ambient,5.359,0,1,T6
B2_3X3_P02,T6,B2,3X3,P02,Pocillopora,Ambient,4.44,0,1,T3
B2_3X3_P02,T3,B2,3X3,P02,Pocillopora,Ambient,2.468,1,1,T3
B2_3X3_P02,T9,B2,3X3,P02,Pocillopora,Ambient,6.956,0,1,T3
B2_3X3_P21,T6,B2,3X3,P21,Pocillopora,Ambient,4.986,1,1,T6
B2_3X3_P21,T9,B2,3X3,P21,Pocillopora,Ambient,7.061,0,1,T6
B2_3X3_P22,T6,B2,3X3,P22,Pocillopora,Ambient,4.807,1,1,T6
B2_3X3_P22,T9,B2,3X3,P22,Pocillopora,Ambient,9.302,0,1,T6
B2_3X3_P03,T6,B2,3X3,P03,Pocillopora,Ambient,8.147,0,1,T3
B2_3X3_P03,T3,B2,3X3,P03,Pocillopora,Ambient,4.364,1,1,T3
B2_3X3_P03,T9,B2,3X3,P03,Pocillopora,Ambient,11.709,0,1,T3
B2_3X3_P05,T0,B2,3X3,P05,Pocillopora,Ambient,NA,1,1,T0
B2_3X3_P05,T6,B2,3X3,P05,Pocillopora,Ambient,6.946,0,1,T0
B2_3X3_P05,T3,B2,3X3,P05,Pocillopora,Ambient,3.954,0,1,T0
B2_3X3_P05,T9,B2,3X3,P05,Pocillopora,Ambient,9.39,0,1,T0
B2_3X3_P06,T6,B2,3X3,P06,Pocillopora,Ambient,3.669,0,1,T3
B2_3X3_P06,T3,B2,3X3,P06,Pocillopora,Ambient,2.08,1,1,T3
B2_3X3_P06,T9,B2,3X3,P06,Pocillopora,Ambient,5.226,0,1,T3
B2_3X3_P07,T6,B2,3X3,P07,Pocillopora,Ambient,8.683,0,1,T3
B2_3X3_P07,T3,B2,3X3,P07,Pocillopora,Ambient,4.275,1,1,T3
B2_3X3_P07,T9,B2,3X3,P07,Pocillopora,Ambient,12.404,0,1,T3
B2_3X3_P08,T6,B2,3X3,P08,Pocillopora,Ambient,4.344,0,1,T3
B2_3X3_P08,T3,B2,3X3,P08,Pocillopora,Ambient,1.885,1,1,T3
B2_3X3_P08,T9,B2,3X3,P08,Pocillopora,Ambient,6.377,0,1,T3
B2_open_P01,T6,B2,open,P01,Pocillopora,Ambient,4.806,0,1,T3
B2_open_P01,T9,B2,open,P01,Pocillopora,Ambient,5.36,0,1,T3
B2_open_P01,T3,B2,open,P01,Pocillopora,Ambient,2.974,1,1,T3
B2_open_P10,T6,B2,open,P10,Pocillopora,Ambient,1.768,1,1,T6
B2_open_P10,T9,B2,open,P10,Pocillopora,Ambient,2.752,0,1,T6
B2_open_P11,T6,B2,open,P11,Pocillopora,Ambient,5.916,1,1,T6
B2_open_P11,T9,B2,open,P11,Pocillopora,Ambient,5.216,0,1,T6
B2_open_P12,T6,B2,open,P12,Pocillopora,Ambient,1.715,1,1,T6
B2_open_P12,T9,B2,open,P12,Pocillopora,Ambient,2.87,0,1,T6
B2_open_P16,T9,B2,open,P16,Pocillopora,Ambient,9.944,0,1,T9
B2_open_P02,T6,B2,open,P02,Pocillopora,Ambient,3.855,0,1,T3
B2_open_P02,T3,B2,open,P02,Pocillopora,Ambient,1.57,1,1,T3
B2_open_P02,T9,B2,open,P02,Pocillopora,Ambient,6.749,0,1,T3
B2_open_P03,T6,B2,open,P03,Pocillopora,Ambient,6.91,0,1,T3
B2_open_P03,T3,B2,open,P03,Pocillopora,Ambient,4.116,1,1,T3
B2_open_P03,T9,B2,open,P03,Pocillopora,Ambient,4.866,0,1,T3
B2_open_P04,T6,B2,open,P04,Pocillopora,Ambient,3.136,0,1,T3
B2_open_P04,T3,B2,open,P04,Pocillopora,Ambient,1.804,1,1,T3
B2_open_P04,T9,B2,open,P04,Pocillopora,Ambient,4.633,0,1,T3
B2_open_P05,T0,B2,open,P05,Pocillopora,Ambient,NA,1,1,T0
B2_open_P05,T6,B2,open,P05,Pocillopora,Ambient,5.666,0,1,T0
B2_open_P05,T3,B2,open,P05,Pocillopora,Ambient,3.243,0,1,T0
B2_open_P05,T9,B2,open,P05,Pocillopora,Ambient,7.9,0,1,T0
B2_open_P07,T6,B2,open,P07,Pocillopora,Ambient,3.005,0,1,T3
B2_open_P07,T3,B2,open,P07,Pocillopora,Ambient,1.172,1,1,T3
B2_open_P07,T9,B2,open,P07,Pocillopora,Ambient,4.588,0,1,T3
B2_open_P08,T6,B2,open,P08,Pocillopora,Ambient,2.268,0,1,T3
B2_open_P08,T3,B2,open,P08,Pocillopora,Ambient,1.218,1,1,T3
B2_open_P08,T9,B2,open,P08,Pocillopora,Ambient,4.584,0,1,T3
B2_open_P09,T6,B2,open,P09,Pocillopora,Ambient,1.502,1,1,T6
B2_open_P09,T9,B2,open,P09,Pocillopora,Ambient,2.798,0,1,T6
C2_1X1_P01,T3,C2,1X1,P01,Pocillopora,Ambient,2.351,0,1,T0
C2_1X1_P01,T0,C2,1X1,P01,Pocillopora,Ambient,NA,1,1,T0
C2_1X1_P01,T6,C2,1X1,P01,Pocillopora,Ambient,5.226,0,1,T0
C2_1X1_P01,T9,C2,1X1,P01,Pocillopora,Ambient,NA,0,1,T0
C2_1X1_P10,T9,C2,1X1,P10,Pocillopora,Ambient,NA,1,1,T9
C2_1X1_P11,T9,C2,1X1,P11,Pocillopora,Ambient,NA,1,1,T9
C2_1X1_P12,T9,C2,1X1,P12,Pocillopora,Ambient,NA,1,1,T9
C2_1X1_P02,T3,C2,1X1,P02,Pocillopora,Ambient,2.057,1,1,T3
C2_1X1_P02,T6,C2,1X1,P02,Pocillopora,Ambient,4.01,0,1,T3
C2_1X1_P02,T9,C2,1X1,P02,Pocillopora,Ambient,NA,0,1,T3
C2_1X1_P03,T3,C2,1X1,P03,Pocillopora,Ambient,4.402,0,1,T0
C2_1X1_P03,T0,C2,1X1,P03,Pocillopora,Ambient,NA,1,1,T0
C2_1X1_P03,T6,C2,1X1,P03,Pocillopora,Ambient,10.211,0,1,T0
C2_1X1_P03,T9,C2,1X1,P03,Pocillopora,Ambient,NA,0,1,T0
C2_1X1_P06,T6,C2,1X1,P06,Pocillopora,Ambient,3.651,1,1,T6
C2_1X1_P06,T9,C2,1X1,P06,Pocillopora,Ambient,NA,0,1,T6
C2_1X1_P08,T6,C2,1X1,P08,Pocillopora,Ambient,3.371,1,1,T6
C2_1X1_P08,T9,C2,1X1,P08,Pocillopora,Ambient,NA,0,1,T6
C2_1X1_P09,T6,C2,1X1,P09,Pocillopora,Ambient,1.025,1,1,T6
C2_1X1_P09,T9,C2,1X1,P09,Pocillopora,Ambient,NA,0,1,T6
C2_2X2_P01,T3,C2,2X2,P01,Pocillopora,Ambient,1.323,1,1,T3
C2_2X2_P01,T6,C2,2X2,P01,Pocillopora,Ambient,2.845,0,1,T3
C2_2X2_P01,T9,C2,2X2,P01,Pocillopora,Ambient,5.815,0,1,T3
C2_2X2_P04,T3,C2,2X2,P04,Pocillopora,Ambient,2.921,1,1,T3
C2_2X2_P04,T6,C2,2X2,P04,Pocillopora,Ambient,3.831,0,1,T3
C2_2X2_P04,T9,C2,2X2,P04,Pocillopora,Ambient,6.239,0,1,T3
C2_2X2_P06,T6,C2,2X2,P06,Pocillopora,Ambient,4.364,1,1,T6
C2_2X2_P06,T9,C2,2X2,P06,Pocillopora,Ambient,5.553,0,1,T6
C2_3X3_P01,T3,C2,3X3,P01,Pocillopora,Ambient,1.724,0,1,T0
C2_3X3_P01,T0,C2,3X3,P01,Pocillopora,Ambient,NA,1,1,T0
C2_3X3_P01,T9,C2,3X3,P01,Pocillopora,Ambient,3.586,0,1,T0
C2_3X3_P01,T6,C2,3X3,P01,Pocillopora,Ambient,3.125,0,1,T0
C2_3X3_P10,T3,C2,3X3,P10,Pocillopora,Ambient,2.782,1,1,T3
C2_3X3_P10,T9,C2,3X3,P10,Pocillopora,Ambient,11.775,0,1,T3
C2_3X3_P10,T6,C2,3X3,P10,Pocillopora,Ambient,7.453,0,1,T3
C2_3X3_P11,T3,C2,3X3,P11,Pocillopora,Ambient,3.14,1,1,T3
C2_3X3_P11,T9,C2,3X3,P11,Pocillopora,Ambient,5.879,0,1,T3
C2_3X3_P11,T6,C2,3X3,P11,Pocillopora,Ambient,4.677,0,1,T3
C2_3X3_P12,T3,C2,3X3,P12,Pocillopora,Ambient,1.682,1,1,T3
C2_3X3_P12,T9,C2,3X3,P12,Pocillopora,Ambient,5.292,0,1,T3
C2_3X3_P12,T6,C2,3X3,P12,Pocillopora,Ambient,3.06,0,1,T3
C2_3X3_P13,T0,C2,3X3,P13,Pocillopora,Ambient,NA,1,1,T0
C2_3X3_P13,T3,C2,3X3,P13,Pocillopora,Ambient,1.682,0,1,T0
C2_3X3_P13,T9,C2,3X3,P13,Pocillopora,Ambient,5.954,0,1,T0
C2_3X3_P13,T6,C2,3X3,P13,Pocillopora,Ambient,3.91,0,1,T0
C2_3X3_P14,T3,C2,3X3,P14,Pocillopora,Ambient,2.105,1,1,T3
C2_3X3_P14,T9,C2,3X3,P14,Pocillopora,Ambient,7.483,0,1,T3
C2_3X3_P14,T6,C2,3X3,P14,Pocillopora,Ambient,4.817,0,1,T3
C2_3X3_P16,T3,C2,3X3,P16,Pocillopora,Ambient,2.692,1,1,T3
C2_3X3_P16,T9,C2,3X3,P16,Pocillopora,Ambient,7.209,0,1,T3
C2_3X3_P16,T6,C2,3X3,P16,Pocillopora,Ambient,4.669,0,1,T3
C2_3X3_P20,T3,C2,3X3,P20,Pocillopora,Ambient,2.302,1,1,T3
C2_3X3_P20,T9,C2,3X3,P20,Pocillopora,Ambient,6.029,0,1,T3
C2_3X3_P20,T6,C2,3X3,P20,Pocillopora,Ambient,4.153,0,1,T3
C2_3X3_P22,T0,C2,3X3,P22,Pocillopora,Ambient,NA,1,1,T0
C2_3X3_P22,T3,C2,3X3,P22,Pocillopora,Ambient,3.789,0,1,T0
C2_3X3_P22,T9,C2,3X3,P22,Pocillopora,Ambient,7.585,0,1,T0
C2_3X3_P22,T6,C2,3X3,P22,Pocillopora,Ambient,5.197,0,1,T0
C2_3X3_P24,T3,C2,3X3,P24,Pocillopora,Ambient,2.261,1,1,T3
C2_3X3_P24,T9,C2,3X3,P24,Pocillopora,Ambient,4.635,0,1,T3
C2_3X3_P24,T6,C2,3X3,P24,Pocillopora,Ambient,3.153,0,1,T3
C2_3X3_P26,T3,C2,3X3,P26,Pocillopora,Ambient,2.517,1,1,T3
C2_3X3_P26,T9,C2,3X3,P26,Pocillopora,Ambient,4.946,0,1,T3
C2_3X3_P26,T6,C2,3X3,P26,Pocillopora,Ambient,3.678,0,1,T3
C2_3X3_P27A,T9,C2,3X3,P27A,Pocillopora,Ambient,4.237,0,1,T6
C2_3X3_P27A,T6,C2,3X3,P27A,Pocillopora,Ambient,2.641,1,1,T6
C2_3X3_P29,T9,C2,3X3,P29,Pocillopora,Ambient,12.621,0,1,T6
C2_3X3_P29,T6,C2,3X3,P29,Pocillopora,Ambient,7.118,1,1,T6
C2_3X3_P03,T0,C2,3X3,P03,Pocillopora,Ambient,NA,1,1,T0
C2_3X3_P03,T3,C2,3X3,P03,Pocillopora,Ambient,3.453,0,1,T0
C2_3X3_P03,T9,C2,3X3,P03,Pocillopora,Ambient,10.882,0,1,T0
C2_3X3_P03,T6,C2,3X3,P03,Pocillopora,Ambient,7.881,0,1,T0
C2_3X3_P30,T9,C2,3X3,P30,Pocillopora,Ambient,5.427,0,1,T6
C2_3X3_P30,T6,C2,3X3,P30,Pocillopora,Ambient,2.868,1,1,T6
C2_3X3_P04,T3,C2,3X3,P04,Pocillopora,Ambient,1.079,1,1,T3
C2_3X3_P04,T9,C2,3X3,P04,Pocillopora,Ambient,2.765,0,1,T3
C2_3X3_P04,T6,C2,3X3,P04,Pocillopora,Ambient,1.375,0,1,T3
C2_3X3_P05,T0,C2,3X3,P05,Pocillopora,Ambient,NA,1,1,T0
C2_3X3_P05,T3,C2,3X3,P05,Pocillopora,Ambient,2.845,0,1,T0
C2_3X3_P05,T9,C2,3X3,P05,Pocillopora,Ambient,8.12,0,1,T0
C2_3X3_P05,T6,C2,3X3,P05,Pocillopora,Ambient,5.204,0,1,T0
C2_3X3_P07,T3,C2,3X3,P07,Pocillopora,Ambient,1.447,1,1,T3
C2_3X3_P07,T9,C2,3X3,P07,Pocillopora,Ambient,5.62,0,1,T3
C2_3X3_P07,T6,C2,3X3,P07,Pocillopora,Ambient,2.658,0,1,T3
C2_3X3_P08,T3,C2,3X3,P08,Pocillopora,Ambient,2.468,1,1,T3
C2_3X3_P08,T9,C2,3X3,P08,Pocillopora,Ambient,5.447,0,1,T3
C2_3X3_P08,T6,C2,3X3,P08,Pocillopora,Ambient,4.412,0,1,T3
C2_3X3_P09,T0,C2,3X3,P09,Pocillopora,Ambient,NA,1,1,T0
C2_3X3_P09,T3,C2,3X3,P09,Pocillopora,Ambient,2.616,0,1,T0
C2_3X3_P09,T9,C2,3X3,P09,Pocillopora,Ambient,7.016,0,1,T0
C2_3X3_P09,T6,C2,3X3,P09,Pocillopora,Ambient,4.668,0,1,T0
C2_open_P01,T3,C2,open,P01,Pocillopora,Ambient,2.301,1,1,T3
C2_open_P01,T9,C2,open,P01,Pocillopora,Ambient,6.058,0,1,T3
C2_open_P01,T6,C2,open,P01,Pocillopora,Ambient,2.139,0,1,T3
C2_open_P11,T3,C2,open,P11,Pocillopora,Ambient,2.003,1,1,T3
C2_open_P11,T9,C2,open,P11,Pocillopora,Ambient,4.355,0,1,T3
C2_open_P11,T6,C2,open,P11,Pocillopora,Ambient,4.253,0,1,T3
C2_open_P12,T9,C2,open,P12,Pocillopora,Ambient,3.852,0,1,T6
C2_open_P12,T6,C2,open,P12,Pocillopora,Ambient,3.186,1,1,T6
C2_open_P16,T9,C2,open,P16,Pocillopora,Ambient,6.076,0,1,T6
C2_open_P16,T6,C2,open,P16,Pocillopora,Ambient,4.279,1,1,T6
C2_open_P17,T3,C2,open,P17,Pocillopora,Ambient,1.451,1,1,T3
C2_open_P17,T9,C2,open,P17,Pocillopora,Ambient,8.531,0,1,T3
C2_open_P17,T6,C2,open,P17,Pocillopora,Ambient,4.471,0,1,T3
C2_open_P18,T9,C2,open,P18,Pocillopora,Ambient,3.918,0,1,T6
C2_open_P18,T6,C2,open,P18,Pocillopora,Ambient,2.455,1,1,T6
C2_open_P19,T9,C2,open,P19,Pocillopora,Ambient,2.897,0,1,T6
C2_open_P19,T6,C2,open,P19,Pocillopora,Ambient,1.697,1,1,T6
C2_open_P02,T3,C2,open,P02,Pocillopora,Ambient,3.259,1,1,T3
C2_open_P02,T9,C2,open,P02,Pocillopora,Ambient,9.712,0,1,T3
C2_open_P02,T6,C2,open,P02,Pocillopora,Ambient,6.862,0,1,T3
C2_open_P21,T9,C2,open,P21,Pocillopora,Ambient,6.771,0,1,T6
C2_open_P21,T6,C2,open,P21,Pocillopora,Ambient,3.325,1,1,T6
C2_open_P22,T9,C2,open,P22,Pocillopora,Ambient,1.7,0,1,T6
C2_open_P22,T6,C2,open,P22,Pocillopora,Ambient,1.644,1,1,T6
C2_open_P25,T9,C2,open,P25,Pocillopora,Ambient,2.29,1,1,T9
C2_open_P26,T9,C2,open,P26,Pocillopora,Ambient,2.496,1,1,T9
C2_open_P29,T9,C2,open,P29,Pocillopora,Ambient,2.03,1,1,T9
C2_open_P03,T9,C2,open,P03,Pocillopora,Ambient,5.641,0,1,T3
C2_open_P03,T3,C2,open,P03,Pocillopora,Ambient,2.095,1,1,T3
C2_open_P03,T6,C2,open,P03,Pocillopora,Ambient,3.709,0,1,T3
C2_open_P32,T9,C2,open,P32,Pocillopora,Ambient,1.857,0,1,T6
C2_open_P32,T6,C2,open,P32,Pocillopora,Ambient,1.23,1,1,T6
C2_open_P33,T9,C2,open,P33,Pocillopora,Ambient,1.661,0,1,T6
C2_open_P33,T6,C2,open,P33,Pocillopora,Ambient,1.369,1,1,T6
C2_open_P04,T9,C2,open,P04,Pocillopora,Ambient,9.114,0,1,T0
C2_open_P04,T0,C2,open,P04,Pocillopora,Ambient,NA,1,1,T0
C2_open_P04,T6,C2,open,P04,Pocillopora,Ambient,6.674,0,1,T0
C2_open_P04,T3,C2,open,P04,Pocillopora,Ambient,4.304,0,1,T0
C2_open_P05,T9,C2,open,P05,Pocillopora,Ambient,4.986,0,1,T3
C2_open_P05,T6,C2,open,P05,Pocillopora,Ambient,3.125,0,1,T3
C2_open_P05,T3,C2,open,P05,Pocillopora,Ambient,1.413,1,1,T3
C2_open_P06,T9,C2,open,P06,Pocillopora,Ambient,9.332,0,1,T3
C2_open_P06,T6,C2,open,P06,Pocillopora,Ambient,5.474,0,1,T3
C2_open_P06,T3,C2,open,P06,Pocillopora,Ambient,2.602,1,1,T3
C2_open_P07,T0,C2,open,P07,Pocillopora,Ambient,NA,1,1,T0
C2_open_P07,T9,C2,open,P07,Pocillopora,Ambient,6.291,0,1,T0
C2_open_P07,T6,C2,open,P07,Pocillopora,Ambient,4.187,0,1,T0
C2_open_P07,T3,C2,open,P07,Pocillopora,Ambient,2.197,0,1,T0
C2_open_P08,T9,C2,open,P08,Pocillopora,Ambient,6.621,0,1,T3
C2_open_P08,T6,C2,open,P08,Pocillopora,Ambient,3.733,0,1,T3
C2_open_P08,T3,C2,open,P08,Pocillopora,Ambient,1.893,1,1,T3
C2_open_P09,T9,C2,open,P09,Pocillopora,Ambient,6.939,0,1,T3
C2_open_P09,T3,C2,open,P09,Pocillopora,Ambient,2.592,1,1,T3
C2_open_P09,T6,C2,open,P09,Pocillopora,Ambient,4.374,0,1,T3
C4_1X1_P01,T3,C4,1X1,P01,Pocillopora,Enriched,3.402,1,1,T3
C4_1X1_P01,T6,C4,1X1,P01,Pocillopora,Enriched,6.824,0,1,T3
C4_1X1_P01,T9,C4,1X1,P01,Pocillopora,Enriched,8.063,0,1,T3
C4_1X1_P10,T3,C4,1X1,P10,Pocillopora,Enriched,2.525,1,1,T3
C4_1X1_P10,T6,C4,1X1,P10,Pocillopora,Enriched,5.537,0,1,T3
C4_1X1_P10,T9,C4,1X1,P10,Pocillopora,Enriched,7.888,0,1,T3
C4_1X1_P11,T6,C4,1X1,P11,Pocillopora,Enriched,2.63,1,1,T6
C4_1X1_P11,T9,C4,1X1,P11,Pocillopora,Enriched,5.556,0,1,T6
C4_1X1_P12,T6,C4,1X1,P12,Pocillopora,Enriched,2.027,1,1,T6
C4_1X1_P12,T9,C4,1X1,P12,Pocillopora,Enriched,3.184,0,1,T6
C4_1X1_P15,T6,C4,1X1,P15,Pocillopora,Enriched,2.969,1,1,T6
C4_1X1_P15,T9,C4,1X1,P15,Pocillopora,Enriched,7.295,0,1,T6
C4_1X1_P16,T6,C4,1X1,P16,Pocillopora,Enriched,3.85,1,1,T6
C4_1X1_P16,T9,C4,1X1,P16,Pocillopora,Enriched,5.801,0,1,T6
C4_1X1_P17,T6,C4,1X1,P17,Pocillopora,Enriched,2.506,1,1,T6
C4_1X1_P17,T9,C4,1X1,P17,Pocillopora,Enriched,4.298,0,1,T6
C4_1X1_P19,T6,C4,1X1,P19,Pocillopora,Enriched,7.113,1,1,T6
C4_1X1_P19,T9,C4,1X1,P19,Pocillopora,Enriched,11.308,0,1,T6
C4_1X1_P21,T9,C4,1X1,P21,Pocillopora,Enriched,NA,1,0,T9
C4_1X1_P22,T6,C4,1X1,P22,Pocillopora,Enriched,0.606,1,1,T6
C4_1X1_P22,T9,C4,1X1,P22,Pocillopora,Enriched,2.348,0,1,T6
C4_1X1_P23,T6,C4,1X1,P23,Pocillopora,Enriched,1.051,1,1,T6
C4_1X1_P23,T9,C4,1X1,P23,Pocillopora,Enriched,3.404,0,1,T6
C4_1X1_P25,T6,C4,1X1,P25,Pocillopora,Enriched,1.172,1,1,T6
C4_1X1_P25,T9,C4,1X1,P25,Pocillopora,Enriched,4.186,0,1,T6
C4_1X1_P26A,T6,C4,1X1,P26A,Pocillopora,Enriched,1.488,1,1,T6
C4_1X1_P26A,T9,C4,1X1,P26A,Pocillopora,Enriched,5.275,0,1,T6
C4_1X1_P27,T9,C4,1X1,P27,Pocillopora,Enriched,1.112,1,1,T9
C4_1X1_P28,T9,C4,1X1,P28,Pocillopora,Enriched,1.238,1,1,T9
C4_1X1_P29,T9,C4,1X1,P29,Pocillopora,Enriched,1.32,1,1,T9
C4_1X1_P03,T3,C4,1X1,P03,Pocillopora,Enriched,3.759,1,1,T3
C4_1X1_P03,T6,C4,1X1,P03,Pocillopora,Enriched,8.648,0,1,T3
C4_1X1_P03,T9,C4,1X1,P03,Pocillopora,Enriched,15.783,0,1,T3
C4_1X1_P30,T9,C4,1X1,P30,Pocillopora,Enriched,2.967,1,1,T9
C4_1X1_P32,T9,C4,1X1,P32,Pocillopora,Enriched,2.912,1,1,T9
C4_1X1_P33,T9,C4,1X1,P33,Pocillopora,Enriched,3.992,1,1,T9
C4_1X1_P34,T9,C4,1X1,P34,Pocillopora,Enriched,3.202,1,1,T9
C4_1X1_P35,T9,C4,1X1,P35,Pocillopora,Enriched,2.646,1,1,T9
C4_1X1_P38,T6,C4,1X1,P38,Pocillopora,Enriched,2.244,1,1,T6
C4_1X1_P38,T9,C4,1X1,P38,Pocillopora,Enriched,5.281,0,1,T6
C4_1X1_P39,T9,C4,1X1,P39,Pocillopora,Enriched,7.4,1,1,T9
C4_1X1_P40,T9,C4,1X1,P40,Pocillopora,Enriched,5.285,1,1,T9
C4_1X1_P06,T3,C4,1X1,P06,Pocillopora,Enriched,3.25,1,1,T3
C4_1X1_P06,T6,C4,1X1,P06,Pocillopora,Enriched,5.772,0,1,T3
C4_1X1_P06,T9,C4,1X1,P06,Pocillopora,Enriched,5.727,0,1,T3
C4_1X1_P07,T9,C4,1X1,P07,Pocillopora,Enriched,12.137,0,1,T3
C4_1X1_P07,T3,C4,1X1,P07,Pocillopora,Enriched,4.133,1,1,T3
C4_1X1_P07,T6,C4,1X1,P07,Pocillopora,Enriched,7.998,0,1,T3
C4_1X1_P08,T9,C4,1X1,P08,Pocillopora,Enriched,7.267,0,1,T3
C4_1X1_P08,T3,C4,1X1,P08,Pocillopora,Enriched,2.286,1,1,T3
C4_1X1_P08,T6,C4,1X1,P08,Pocillopora,Enriched,4.437,0,1,T3
C4_1X1_P09,T9,C4,1X1,P09,Pocillopora,Enriched,4.399,0,1,T3
C4_1X1_P09,T3,C4,1X1,P09,Pocillopora,Enriched,5.796,1,1,T3
C4_1X1_P09,T6,C4,1X1,P09,Pocillopora,Enriched,4.259,0,1,T3
C4_2X2_P01,T3,C4,2X2,P01,Pocillopora,Enriched,2.587,1,1,T3
C4_2X2_P01,T6,C4,2X2,P01,Pocillopora,Enriched,7.449,0,1,T3
C4_2X2_P01,T9,C4,2X2,P01,Pocillopora,Enriched,10.586,0,1,T3
C4_2X2_P12,T3,C4,2X2,P12,Pocillopora,Enriched,3.481,1,1,T3
C4_2X2_P12,T9,C4,2X2,P12,Pocillopora,Enriched,9.023,0,1,T3
C4_2X2_P12,T6,C4,2X2,P12,Pocillopora,Enriched,6.471,0,1,T3
C4_2X2_P14B,T9,C4,2X2,P14B,Pocillopora,Enriched,5.425,0,1,T6
C4_2X2_P14B,T6,C4,2X2,P14B,Pocillopora,Enriched,4.208,1,1,T6
C4_2X2_P15,T0,C4,2X2,P15,Pocillopora,Enriched,NA,1,1,T0
C4_2X2_P15,T9,C4,2X2,P15,Pocillopora,Enriched,2.683,0,1,T0
C4_2X2_P15,T3,C4,2X2,P15,Pocillopora,Enriched,NA,0,0,T0
C4_2X2_P15,T6,C4,2X2,P15,Pocillopora,Enriched,NA,0,0,T0
C4_2X2_P16,T9,C4,2X2,P16,Pocillopora,Enriched,8.968,0,1,T6
C4_2X2_P16,T6,C4,2X2,P16,Pocillopora,Enriched,3.761,1,1,T6
C4_2X2_P17,T9,C4,2X2,P17,Pocillopora,Enriched,2.571,0,1,T6
C4_2X2_P17,T6,C4,2X2,P17,Pocillopora,Enriched,1.609,1,1,T6
C4_2X2_P19,T9,C4,2X2,P19,Pocillopora,Enriched,4.048,0,1,T6
C4_2X2_P19,T6,C4,2X2,P19,Pocillopora,Enriched,3.106,1,1,T6
C4_2X2_P20,T9,C4,2X2,P20,Pocillopora,Enriched,2.521,0,1,T6
C4_2X2_P20,T6,C4,2X2,P20,Pocillopora,Enriched,2.918,1,1,T6
C4_2X2_P22,T9,C4,2X2,P22,Pocillopora,Enriched,5.505,0,1,T6
C4_2X2_P22,T6,C4,2X2,P22,Pocillopora,Enriched,2.86,1,1,T6
C4_2X2_P25,T9,C4,2X2,P25,Pocillopora,Enriched,3.554,0,1,T6
C4_2X2_P25,T6,C4,2X2,P25,Pocillopora,Enriched,1.275,1,1,T6
C4_2X2_P26,T9,C4,2X2,P26,Pocillopora,Enriched,2.738,0,1,T6
C4_2X2_P26,T6,C4,2X2,P26,Pocillopora,Enriched,1.811,1,1,T6
C4_2X2_P27,T9,C4,2X2,P27,Pocillopora,Enriched,12.068,0,1,T6
C4_2X2_P27,T6,C4,2X2,P27,Pocillopora,Enriched,7.341,1,1,T6
C4_2X2_P28,T9,C4,2X2,P28,Pocillopora,Enriched,1.779,1,1,T9
C4_2X2_P29,T9,C4,2X2,P29,Pocillopora,Enriched,5.144,1,1,T9
C4_2X2_P30,T9,C4,2X2,P30,Pocillopora,Enriched,3.252,1,1,T9
C4_2X2_P06,T3,C4,2X2,P06,Pocillopora,Enriched,4.272,1,1,T3
C4_2X2_P06,T9,C4,2X2,P06,Pocillopora,Enriched,11.867,0,1,T3
C4_2X2_P06,T6,C4,2X2,P06,Pocillopora,Enriched,7.865,0,1,T3
C4_2X2_P07,T3,C4,2X2,P07,Pocillopora,Enriched,2.196,1,1,T3
C4_2X2_P07,T9,C4,2X2,P07,Pocillopora,Enriched,4.915,0,1,T3
C4_2X2_P07,T6,C4,2X2,P07,Pocillopora,Enriched,3.364,0,1,T3
C4_3X3_P01,T3,C4,3X3,P01,Pocillopora,Enriched,2.064,1,1,T3
C4_3X3_P01,T9,C4,3X3,P01,Pocillopora,Enriched,7.334,0,1,T3
C4_3X3_P01,T6,C4,3X3,P01,Pocillopora,Enriched,4.782,0,1,T3
C4_3X3_P15,T3,C4,3X3,P15,Pocillopora,Enriched,2.704,1,1,T3
C4_3X3_P15,T9,C4,3X3,P15,Pocillopora,Enriched,7.709,0,1,T3
C4_3X3_P15,T6,C4,3X3,P15,Pocillopora,Enriched,5.452,0,1,T3
C4_3X3_P16,T3,C4,3X3,P16,Pocillopora,Enriched,2.254,1,1,T3
C4_3X3_P16,T9,C4,3X3,P16,Pocillopora,Enriched,4.601,0,1,T3
C4_3X3_P16,T6,C4,3X3,P16,Pocillopora,Enriched,3.723,0,1,T3
C4_3X3_P17,T3,C4,3X3,P17,Pocillopora,Enriched,2.345,1,1,T3
C4_3X3_P17,T9,C4,3X3,P17,Pocillopora,Enriched,7.336,0,1,T3
C4_3X3_P17,T6,C4,3X3,P17,Pocillopora,Enriched,4.957,0,1,T3
C4_3X3_P24,T3,C4,3X3,P24,Pocillopora,Enriched,1.11,1,1,T3
C4_3X3_P24,T9,C4,3X3,P24,Pocillopora,Enriched,NA,0,0,T3
C4_3X3_P24,T6,C4,3X3,P24,Pocillopora,Enriched,NA,0,0,T3
C4_3X3_P26,T3,C4,3X3,P26,Pocillopora,Enriched,3.616,1,1,T3
C4_3X3_P26,T9,C4,3X3,P26,Pocillopora,Enriched,10.625,0,1,T3
C4_3X3_P26,T6,C4,3X3,P26,Pocillopora,Enriched,5.795,0,1,T3
C4_3X3_P28,T9,C4,3X3,P28,Pocillopora,Enriched,3.925,0,1,T6
C4_3X3_P28,T6,C4,3X3,P28,Pocillopora,Enriched,2.264,1,1,T6
C4_3X3_P31,T9,C4,3X3,P31,Pocillopora,Enriched,4.064,0,1,T6
C4_3X3_P31,T6,C4,3X3,P31,Pocillopora,Enriched,2.778,1,1,T6
C4_3X3_P32,T9,C4,3X3,P32,Pocillopora,Enriched,2.564,0,1,T6
C4_3X3_P32,T6,C4,3X3,P32,Pocillopora,Enriched,1.468,1,1,T6
C4_3X3_P33,T9,C4,3X3,P33,Pocillopora,Enriched,3.804,0,1,T6
C4_3X3_P33,T6,C4,3X3,P33,Pocillopora,Enriched,2.501,1,1,T6
C4_3X3_P34,T9,C4,3X3,P34,Pocillopora,Enriched,4.487,0,1,T6
C4_3X3_P34,T6,C4,3X3,P34,Pocillopora,Enriched,1.511,1,1,T6
C4_3X3_P36,T9,C4,3X3,P36,Pocillopora,Enriched,5.44,0,1,T6
C4_3X3_P36,T6,C4,3X3,P36,Pocillopora,Enriched,2.209,1,1,T6
C4_3X3_P37,T9,C4,3X3,P37,Pocillopora,Enriched,4.373,0,1,T6
C4_3X3_P37,T6,C4,3X3,P37,Pocillopora,Enriched,4.344,1,1,T6
C4_3X3_P38,T9,C4,3X3,P38,Pocillopora,Enriched,3.818,0,1,T6
C4_3X3_P38,T6,C4,3X3,P38,Pocillopora,Enriched,1.361,1,1,T6
C4_3X3_P39,T9,C4,3X3,P39,Pocillopora,Enriched,2.205,0,1,T6
C4_3X3_P39,T6,C4,3X3,P39,Pocillopora,Enriched,1.072,1,1,T6
C4_3X3_P04,T9,C4,3X3,P04,Pocillopora,Enriched,7.527,0,1,T3
C4_3X3_P04,T6,C4,3X3,P04,Pocillopora,Enriched,4.625,0,1,T3
C4_3X3_P04,T3,C4,3X3,P04,Pocillopora,Enriched,2.382,1,1,T3
C4_3X3_P40,T6,C4,3X3,P40,Pocillopora,Enriched,0.714,1,1,T6
C4_3X3_P40,T9,C4,3X3,P40,Pocillopora,Enriched,2.448,0,1,T6
C4_3X3_P41,T9,C4,3X3,P41,Pocillopora,Enriched,3.776,1,1,T9
C4_3X3_P07,T6,C4,3X3,P07,Pocillopora,Enriched,9.279,0,1,T3
C4_3X3_P07,T9,C4,3X3,P07,Pocillopora,Enriched,13.832,0,1,T3
C4_3X3_P07,T3,C4,3X3,P07,Pocillopora,Enriched,4.177,1,1,T3
C4_open_P10,T6,C4,open,P10,Pocillopora,Enriched,2.317,1,1,T6
C4_open_P10,T9,C4,open,P10,Pocillopora,Enriched,3.961,0,1,T6
C4_open_P11,T6,C4,open,P11,Pocillopora,Enriched,3.716,1,1,T6
C4_open_P11,T9,C4,open,P11,Pocillopora,Enriched,5.963,0,1,T6
C4_open_P12,T6,C4,open,P12,Pocillopora,Enriched,2.459,1,1,T6
C4_open_P12,T9,C4,open,P12,Pocillopora,Enriched,4.286,0,1,T6
C4_open_P13,T6,C4,open,P13,Pocillopora,Enriched,2.121,1,1,T6
C4_open_P13,T9,C4,open,P13,Pocillopora,Enriched,7.799,0,1,T6
C4_open_P14,T6,C4,open,P14,Pocillopora,Enriched,1.809,1,1,T6
C4_open_P14,T9,C4,open,P14,Pocillopora,Enriched,3.009,0,1,T6
C4_open_P15,T6,C4,open,P15,Pocillopora,Enriched,1.184,1,1,T6
C4_open_P15,T9,C4,open,P15,Pocillopora,Enriched,1.99,0,1,T6
C4_open_P16,T6,C4,open,P16,Pocillopora,Enriched,1.748,1,1,T6
C4_open_P16,T9,C4,open,P16,Pocillopora,Enriched,4.021,0,1,T6
C4_open_P17,T6,C4,open,P17,Pocillopora,Enriched,2.969,1,1,T6
C4_open_P17,T9,C4,open,P17,Pocillopora,Enriched,4.147,0,1,T6
C4_open_P18,T6,C4,open,P18,Pocillopora,Enriched,1.843,1,1,T6
C4_open_P18,T9,C4,open,P18,Pocillopora,Enriched,4.143,0,1,T6
C4_open_P19,T6,C4,open,P19,Pocillopora,Enriched,4.541,1,1,T6
C4_open_P19,T9,C4,open,P19,Pocillopora,Enriched,8.383,0,1,T6
C4_open_P02,T3,C4,open,P02,Pocillopora,Enriched,2.164,1,1,T3
C4_open_P02,T6,C4,open,P02,Pocillopora,Enriched,4.264,0,1,T3
C4_open_P02,T9,C4,open,P02,Pocillopora,Enriched,7.467,0,1,T3
C4_open_P21,T9,C4,open,P21,Pocillopora,Enriched,5.152,1,1,T9
C4_open_P22,T9,C4,open,P22,Pocillopora,Enriched,2.59,1,1,T9
C4_open_P23,T6,C4,open,P23,Pocillopora,Enriched,1.046,1,1,T6
C4_open_P23,T9,C4,open,P23,Pocillopora,Enriched,2.407,0,1,T6
C4_open_P27,T6,C4,open,P27,Pocillopora,Enriched,2.022,1,1,T6
C4_open_P27,T9,C4,open,P27,Pocillopora,Enriched,3.113,0,1,T6
C4_open_P29,T6,C4,open,P29,Pocillopora,Enriched,3.044,1,1,T6
C4_open_P29,T9,C4,open,P29,Pocillopora,Enriched,1.86,0,1,T6
C4_open_P31,T9,C4,open,P31,Pocillopora,Enriched,3.639,1,1,T9
C4_open_P32,T9,C4,open,P32,Pocillopora,Enriched,3.828,1,1,T9
C4_open_P33,T9,C4,open,P33,Pocillopora,Enriched,2.461,1,1,T9
C4_open_P34,T9,C4,open,P34,Pocillopora,Enriched,1.671,1,1,T9
C4_open_P05,T3,C4,open,P05,Pocillopora,Enriched,2.494,1,1,T3
C4_open_P05,T6,C4,open,P05,Pocillopora,Enriched,4.105,0,1,T3
C4_open_P05,T9,C4,open,P05,Pocillopora,Enriched,5.898,0,1,T3
C4_open_P09,T6,C4,open,P09,Pocillopora,Enriched,2.579,1,1,T6
C4_open_P09,T9,C4,open,P09,Pocillopora,Enriched,5.049,0,1,T6
D1_1X1_P02,T3,D1,1X1,P02,Pocillopora,Ambient,2.537,0,1,T0
D1_1X1_P02,T6,D1,1X1,P02,Pocillopora,Ambient,5.48,0,1,T0
D1_1X1_P02,T0,D1,1X1,P02,Pocillopora,Ambient,NA,1,1,T0
D1_1X1_P02,T9,D1,1X1,P02,Pocillopora,Ambient,6.967,0,1,T0
D1_1X1_P03,T3,D1,1X1,P03,Pocillopora,Ambient,1.678,1,1,T3
D1_1X1_P03,T6,D1,1X1,P03,Pocillopora,Ambient,3.084,0,1,T3
D1_1X1_P03,T9,D1,1X1,P03,Pocillopora,Ambient,4.49,0,1,T3
D1_1X1_P04,T3,D1,1X1,P04,Pocillopora,Ambient,1.542,1,1,T3
D1_1X1_P04,T6,D1,1X1,P04,Pocillopora,Ambient,6.134,0,1,T3
D1_1X1_P04,T9,D1,1X1,P04,Pocillopora,Ambient,9.712,0,1,T3
D1_1X1_P05,T6,D1,1X1,P05,Pocillopora,Ambient,3.403,1,1,T6
D1_1X1_P05,T9,D1,1X1,P05,Pocillopora,Ambient,6.33,0,1,T6
D1_1X1_P06,T6,D1,1X1,P06,Pocillopora,Ambient,1.465,1,1,T6
D1_1X1_P06,T9,D1,1X1,P06,Pocillopora,Ambient,2.649,0,1,T6
D1_1X1_P07,T9,D1,1X1,P07,Pocillopora,Ambient,1.708,1,1,T9
D1_1X1_P08,T9,D1,1X1,P08,Pocillopora,Ambient,2.906,1,1,T9
D1_2X2_P01,T6,D1,2X2,P01,Pocillopora,Ambient,10.186,0,1,T0
D1_2X2_P01,T3,D1,2X2,P01,Pocillopora,Ambient,4.766,0,1,T0
D1_2X2_P01,T9,D1,2X2,P01,Pocillopora,Ambient,15.887,0,1,T0
D1_2X2_P01,T0,D1,2X2,P01,Pocillopora,Ambient,NA,1,1,T0
D1_2X2_P10,T9,D1,2X2,P10,Pocillopora,Ambient,3.51,1,1,T3
D1_2X2_P03,T6,D1,2X2,P03,Pocillopora,Ambient,3.484,0,1,T3
D1_2X2_P03,T9,D1,2X2,P03,Pocillopora,Ambient,5.894,0,1,T3
D1_2X2_P03,T3,D1,2X2,P03,Pocillopora,Ambient,1.907,1,1,T3
D1_2X2_P06,T9,D1,2X2,P06,Pocillopora,Ambient,10.77,0,1,T3
D1_2X2_P06,T6,D1,2X2,P06,Pocillopora,Ambient,6.92,0,1,T3
D1_2X2_P06,T3,D1,2X2,P06,Pocillopora,Ambient,2.031,1,1,T3
D1_2X2_P09,T9,D1,2X2,P09,Pocillopora,Ambient,4.329,1,1,T9
D1_3X3_P01,T9,D1,3X3,P01,Pocillopora,Ambient,6.614,0,1,T3
D1_3X3_P01,T3,D1,3X3,P01,Pocillopora,Ambient,2.557,0,1,T3
D1_3X3_P01,T6,D1,3X3,P01,Pocillopora,Ambient,4.025,0,1,T3
D1_3X3_P01,T0,D1,3X3,P01,Pocillopora,Ambient,NA,1,1,T3
D1_3X3_P11,T9,D1,3X3,P11,Pocillopora,Ambient,3.422,0,1,T6
D1_3X3_P11,T6,D1,3X3,P11,Pocillopora,Ambient,2.303,1,1,T6
D1_3X3_P12,T3,D1,3X3,P12,Pocillopora,Ambient,2.446,0,1,T3
D1_3X3_P12,T9,D1,3X3,P12,Pocillopora,Ambient,6.282,1,1,T3
D1_3X3_P12,T6,D1,3X3,P12,Pocillopora,Ambient,4.545,0,1,T3
D1_3X3_P13,T9,D1,3X3,P13,Pocillopora,Ambient,3.241,0,1,T6
D1_3X3_P13,T6,D1,3X3,P13,Pocillopora,Ambient,1.76,1,1,T6
D1_3X3_P04,T9,D1,3X3,P04,Pocillopora,Ambient,8.024,0,1,T0
D1_3X3_P04,T3,D1,3X3,P04,Pocillopora,Ambient,1.889,0,1,T0
D1_3X3_P04,T6,D1,3X3,P04,Pocillopora,Ambient,4.09,0,1,T0
D1_3X3_P04,T0,D1,3X3,P04,Pocillopora,Ambient,NA,1,1,T0
D1_3X3_P07,T9,D1,3X3,P07,Pocillopora,Ambient,5.163,0,1,T3
D1_3X3_P07,T3,D1,3X3,P07,Pocillopora,Ambient,0.783,1,1,T3
D1_3X3_P07,T6,D1,3X3,P07,Pocillopora,Ambient,2.832,0,1,T3
D1_3X3_P08,T9,D1,3X3,P08,Pocillopora,Ambient,4.853,0,1,T3
D1_3X3_P08,T3,D1,3X3,P08,Pocillopora,Ambient,1.921,1,1,T3
D1_3X3_P08,T6,D1,3X3,P08,Pocillopora,Ambient,2.696,0,1,T3
D1_3X3_P09,T3,D1,3X3,P09,Pocillopora,Ambient,0.979,1,1,T3
D1_3X3_P09,T9,D1,3X3,P09,Pocillopora,Ambient,4.322,0,1,T3
D1_3X3_P09,T6,D1,3X3,P09,Pocillopora,Ambient,2.343,0,1,T3
D1_open_P11,T9,D1,open,P11,Pocillopora,Ambient,3.418,1,1,T9
D1_open_P04,T9,D1,open,P04,Pocillopora,Ambient,3.125,0,1,T3
D1_open_P04,T3,D1,open,P04,Pocillopora,Ambient,0.977,1,1,T3
D1_open_P04,T6,D1,open,P04,Pocillopora,Ambient,1.976,0,1,T3
D1_open_P07,T9,D1,open,P07,Pocillopora,Ambient,4.349,0,1,T3
D1_open_P07,T3,D1,open,P07,Pocillopora,Ambient,1.808,1,1,T3
D1_open_P07,T6,D1,open,P07,Pocillopora,Ambient,2.687,0,1,T3
D1_open_P08,T9,D1,open,P08,Pocillopora,Ambient,6.828,0,1,T6
D1_open_P08,T6,D1,open,P08,Pocillopora,Ambient,3.668,1,1,T6
D1_open_P09,T9,D1,open,P09,Pocillopora,Ambient,10.212,1,1,T9
D3_1X1_P10,T3,D3,1X1,P10,Pocillopora,Enriched,3.438,1,1,T3
D3_1X1_P10,T9,D3,1X1,P10,Pocillopora,Enriched,12.102,0,1,T3
D3_1X1_P10,T6,D3,1X1,P10,Pocillopora,Enriched,6.346,0,1,T3
D3_1X1_P11,T3,D3,1X1,P11,Pocillopora,Enriched,1.732,1,1,T3
D3_1X1_P11,T9,D3,1X1,P11,Pocillopora,Enriched,3.636,0,1,T3
D3_1X1_P11,T6,D3,1X1,P11,Pocillopora,Enriched,4.107,0,1,T3
D3_1X1_P12,T3,D3,1X1,P12,Pocillopora,Enriched,3.821,1,1,T3
D3_1X1_P12,T9,D3,1X1,P12,Pocillopora,Enriched,6.505,0,1,T3
D3_1X1_P12,T6,D3,1X1,P12,Pocillopora,Enriched,5.84,0,1,T3
D3_1X1_P13,T3,D3,1X1,P13,Pocillopora,Enriched,4.722,1,1,T3
D3_1X1_P13,T9,D3,1X1,P13,Pocillopora,Enriched,11.469,0,1,T3
D3_1X1_P13,T6,D3,1X1,P13,Pocillopora,Enriched,8.299,0,1,T3
D3_1X1_P15,T3,D3,1X1,P15,Pocillopora,Enriched,1.364,1,1,T3
D3_1X1_P15,T9,D3,1X1,P15,Pocillopora,Enriched,5.991,0,1,T3
D3_1X1_P15,T6,D3,1X1,P15,Pocillopora,Enriched,3.356,0,1,T3
D3_1X1_P17,T3,D3,1X1,P17,Pocillopora,Enriched,4.143,1,1,T3
D3_1X1_P17,T9,D3,1X1,P17,Pocillopora,Enriched,9.446,0,1,T3
D3_1X1_P17,T6,D3,1X1,P17,Pocillopora,Enriched,7.426,0,1,T3
D3_1X1_P18,T6,D3,1X1,P18,Pocillopora,Enriched,2.328,1,1,T6
D3_1X1_P18,T9,D3,1X1,P18,Pocillopora,Enriched,3.044,0,1,T6
D3_1X1_P02,T3,D3,1X1,P02,Pocillopora,Enriched,2.405,1,1,T3
D3_1X1_P02,T6,D3,1X1,P02,Pocillopora,Enriched,4.854,0,1,T3
D3_1X1_P02,T9,D3,1X1,P02,Pocillopora,Enriched,10.178,0,1,T3
D3_1X1_P20,T6,D3,1X1,P20,Pocillopora,Enriched,2.178,1,1,T6
D3_1X1_P20,T9,D3,1X1,P20,Pocillopora,Enriched,6.196,0,1,T6
D3_1X1_P21,T9,D3,1X1,P21,Pocillopora,Enriched,1.805,1,1,T9
D3_1X1_P22A,T9,D3,1X1,P22A,Pocillopora,Enriched,1.781,1,1,T9
D3_1X1_P22B,T9,D3,1X1,P22B,Pocillopora,Enriched,6.352,1,1,T9
D3_1X1_P04,T3,D3,1X1,P04,Pocillopora,Enriched,3.979,1,1,T3
D3_1X1_P04,T6,D3,1X1,P04,Pocillopora,Enriched,5.852,0,1,T3
D3_1X1_P04,T9,D3,1X1,P04,Pocillopora,Enriched,7.326,0,1,T3
D3_1X1_P05,T3,D3,1X1,P05,Pocillopora,Enriched,3.014,1,1,T3
D3_1X1_P05,T6,D3,1X1,P05,Pocillopora,Enriched,3.876,0,1,T3
D3_1X1_P05,T9,D3,1X1,P05,Pocillopora,Enriched,5.419,0,1,T3
D3_1X1_P06,T3,D3,1X1,P06,Pocillopora,Enriched,4.426,1,1,T3
D3_1X1_P06,T6,D3,1X1,P06,Pocillopora,Enriched,7.182,0,1,T3
D3_1X1_P06,T9,D3,1X1,P06,Pocillopora,Enriched,11.23,0,1,T3
D3_1X1_P07,T3,D3,1X1,P07,Pocillopora,Enriched,2.588,1,1,T3
D3_1X1_P07,T6,D3,1X1,P07,Pocillopora,Enriched,5.908,0,1,T3
D3_1X1_P07,T9,D3,1X1,P07,Pocillopora,Enriched,9.433,0,1,T3
D3_1X1_P08,T3,D3,1X1,P08,Pocillopora,Enriched,2.491,1,1,T3
D3_1X1_P08,T6,D3,1X1,P08,Pocillopora,Enriched,7.395,0,1,T3
D3_1X1_P08,T9,D3,1X1,P08,Pocillopora,Enriched,10.007,0,1,T3
D3_2X2_P01,T3,D3,2X2,P01,Pocillopora,Enriched,1.859,0,1,T0
D3_2X2_P01,T6,D3,2X2,P01,Pocillopora,Enriched,3.458,0,1,T0
D3_2X2_P01,T0,D3,2X2,P01,Pocillopora,Enriched,NA,1,1,T0
D3_2X2_P01,T9,D3,2X2,P01,Pocillopora,Enriched,5.651,0,1,T0
D3_2X2_P02,T3,D3,2X2,P02,Pocillopora,Enriched,2.886,1,1,T3
D3_2X2_P02,T6,D3,2X2,P02,Pocillopora,Enriched,4.052,0,1,T3
D3_2X2_P02,T9,D3,2X2,P02,Pocillopora,Enriched,5.559,0,1,T3
D3_2X2_P03,T3,D3,2X2,P03,Pocillopora,Enriched,2.771,1,1,T3
D3_2X2_P03,T6,D3,2X2,P03,Pocillopora,Enriched,6.868,0,1,T3
D3_2X2_P03,T9,D3,2X2,P03,Pocillopora,Enriched,11.372,0,1,T3
D3_2X2_P05,T3,D3,2X2,P05,Pocillopora,Enriched,2.882,1,1,T3
D3_2X2_P05,T6,D3,2X2,P05,Pocillopora,Enriched,5.532,0,1,T3
D3_2X2_P05,T9,D3,2X2,P05,Pocillopora,Enriched,9.26,0,1,T3
D3_2X2_P06,T6,D3,2X2,P06,Pocillopora,Enriched,3.633,1,1,T6
D3_2X2_P06,T9,D3,2X2,P06,Pocillopora,Enriched,6.851,0,1,T6
D3_2X2_P07,T9,D3,2X2,P07,Pocillopora,Enriched,7.034,1,1,T9
D3_3X3_P01,T3,D3,3X3,P01,Pocillopora,Enriched,1.684,1,1,T3
D3_3X3_P01,T6,D3,3X3,P01,Pocillopora,Enriched,4.081,0,1,T3
D3_3X3_P01,T9,D3,3X3,P01,Pocillopora,Enriched,4.513,0,1,T3
D3_3X3_P10,T3,D3,3X3,P10,Pocillopora,Enriched,1.592,1,1,T3
D3_3X3_P10,T6,D3,3X3,P10,Pocillopora,Enriched,5.694,0,1,T3
D3_3X3_P10,T9,D3,3X3,P10,Pocillopora,Enriched,5.715,0,1,T3
D3_3X3_P11,T6,D3,3X3,P11,Pocillopora,Enriched,5.263,0,1,T3
D3_3X3_P11,T3,D3,3X3,P11,Pocillopora,Enriched,2.363,1,1,T3
D3_3X3_P11,T9,D3,3X3,P11,Pocillopora,Enriched,5.606,0,1,T3
D3_3X3_P12,T6,D3,3X3,P12,Pocillopora,Enriched,4.883,1,1,T6
D3_3X3_P12,T9,D3,3X3,P12,Pocillopora,Enriched,5.22,0,1,T6
D3_3X3_P13,T6,D3,3X3,P13,Pocillopora,Enriched,2.507,1,1,T6
D3_3X3_P13,T9,D3,3X3,P13,Pocillopora,Enriched,2.591,0,1,T6
D3_3X3_P16,T9,D3,3X3,P16,Pocillopora,Enriched,2.493,1,1,T9
D3_3X3_P02,T6,D3,3X3,P02,Pocillopora,Enriched,9.307,0,1,T3
D3_3X3_P02,T3,D3,3X3,P02,Pocillopora,Enriched,4.579,1,1,T3
D3_3X3_P02,T9,D3,3X3,P02,Pocillopora,Enriched,9.801,0,1,T3
D3_3X3_P03,T6,D3,3X3,P03,Pocillopora,Enriched,5.972,0,1,T3
D3_3X3_P03,T3,D3,3X3,P03,Pocillopora,Enriched,2.439,1,1,T3
D3_3X3_P03,T9,D3,3X3,P03,Pocillopora,Enriched,6.215,0,1,T3
D3_3X3_P05,T6,D3,3X3,P05,Pocillopora,Enriched,5.913,0,1,T3
D3_3X3_P05,T3,D3,3X3,P05,Pocillopora,Enriched,3.565,1,1,T3
D3_3X3_P05,T9,D3,3X3,P05,Pocillopora,Enriched,6.361,0,1,T3
D3_3X3_P06,T3,D3,3X3,P06,Pocillopora,Enriched,3.297,1,1,T3
D3_3X3_P06,T6,D3,3X3,P06,Pocillopora,Enriched,9.727,0,1,T3
D3_3X3_P06,T9,D3,3X3,P06,Pocillopora,Enriched,10.3,0,1,T3
D3_3X3_P07,T3,D3,3X3,P07,Pocillopora,Enriched,2.059,1,1,T3
D3_3X3_P07,T6,D3,3X3,P07,Pocillopora,Enriched,8.115,0,1,T3
D3_3X3_P07,T9,D3,3X3,P07,Pocillopora,Enriched,8.639,0,1,T3
D3_3X3_P08,T3,D3,3X3,P08,Pocillopora,Enriched,1.442,1,1,T3
D3_3X3_P08,T6,D3,3X3,P08,Pocillopora,Enriched,2.683,0,1,T3
D3_3X3_P08,T9,D3,3X3,P08,Pocillopora,Enriched,2.774,0,1,T3
D3_3X3_P09,T6,D3,3X3,P09,Pocillopora,Enriched,3.644,1,1,T6
D3_3X3_P09,T9,D3,3X3,P09,Pocillopora,Enriched,3.887,0,1,T6
D3_open_P10,T3,D3,open,P10,Pocillopora,Enriched,2.165,1,1,T3
D3_open_P10,T6,D3,open,P10,Pocillopora,Enriched,5.438,0,1,T3
D3_open_P10,T9,D3,open,P10,Pocillopora,Enriched,8.749,0,1,T3
D3_open_P14,T3,D3,open,P14,Pocillopora,Enriched,1.182,1,1,T3
D3_open_P14,T6,D3,open,P14,Pocillopora,Enriched,2.224,0,1,T3
D3_open_P14,T9,D3,open,P14,Pocillopora,Enriched,4.261,0,1,T3
D3_open_P15,T3,D3,open,P15,Pocillopora,Enriched,3.578,1,1,T3
D3_open_P15,T6,D3,open,P15,Pocillopora,Enriched,5.322,0,1,T3
D3_open_P15,T9,D3,open,P15,Pocillopora,Enriched,5.705,0,1,T3
D3_open_P19,T3,D3,open,P19,Pocillopora,Enriched,3.271,1,1,T3
D3_open_P19,T6,D3,open,P19,Pocillopora,Enriched,6.876,0,1,T3
D3_open_P19,T9,D3,open,P19,Pocillopora,Enriched,10.803,0,1,T3
D3_open_P02,T3,D3,open,P02,Pocillopora,Enriched,2.659,1,1,T3
D3_open_P02,T6,D3,open,P02,Pocillopora,Enriched,4.077,0,1,T3
D3_open_P02,T9,D3,open,P02,Pocillopora,Enriched,5.895,0,1,T3
D3_open_P22,T3,D3,open,P22,Pocillopora,Enriched,1.884,1,1,T3
D3_open_P22,T6,D3,open,P22,Pocillopora,Enriched,3.953,0,1,T3
D3_open_P22,T9,D3,open,P22,Pocillopora,Enriched,8.966,0,1,T3
D3_open_P23,T3,D3,open,P23,Pocillopora,Enriched,1.801,1,1,T3
D3_open_P23,T6,D3,open,P23,Pocillopora,Enriched,2.977,0,1,T3
D3_open_P23,T9,D3,open,P23,Pocillopora,Enriched,4.898,0,1,T3
D3_open_P24,T3,D3,open,P24,Pocillopora,Enriched,1.542,1,1,T3
D3_open_P24,T6,D3,open,P24,Pocillopora,Enriched,1.258,0,1,T3
D3_open_P24,T9,D3,open,P24,Pocillopora,Enriched,3.2,0,1,T3
D3_open_P25,T3,D3,open,P25,Pocillopora,Enriched,1.371,1,1,T3
D3_open_P25,T6,D3,open,P25,Pocillopora,Enriched,NA,0,0,T3
D3_open_P25,T9,D3,open,P25,Pocillopora,Enriched,NA,0,0,T3
D3_open_P03,T3,D3,open,P03,Pocillopora,Enriched,3.123,1,1,T3
D3_open_P03,T6,D3,open,P03,Pocillopora,Enriched,5.815,0,1,T3
D3_open_P03,T9,D3,open,P03,Pocillopora,Enriched,9.335,0,1,T3
D3_open_P04,T3,D3,open,P04,Pocillopora,Enriched,1.88,1,1,T3
D3_open_P04,T6,D3,open,P04,Pocillopora,Enriched,3.258,0,1,T3
D3_open_P04,T9,D3,open,P04,Pocillopora,Enriched,5.007,0,1,T3
A4_1X1_P29,T9,A4,1X1,P29,Pocillopora,Ambient,4.851,1,1,T9
A4_open_P23,T9,A4,open,P23,Pocillopora,Ambient,2.809,1,1,T9
B1_2X2_P17,T9,B1,2X2,P17,Pocillopora,Enriched,1.488,1,1,T9
A4_2X2_P17,T6,A4,2X2,P17,Pocillopora,Ambient,2.094,1,1,T10
A4_2X2_P17,T9,A4,2X2,P17,Pocillopora,Ambient,NA,0,1,T10